Year,Rank,Team,Seed,Conf,W-L,AdjEM,AdjO,AdjO Rank,AdjD,AdjD Rank,AdjT,AdjT Rank,Luck,Luck Rank,SoS AdjEM,SoS AdjEM Rank,SoS OppO,SoS OppO Rank,SoS OppD,SoS OppD Rank,NCSoS AdjEM,NCSoS AdjEM Rank
2010,1,Kansas,1,,0-0,0.0,118.8778,1,88.795,5,68.3847,119,0.0,-1,0.0,-1,0.0,-1,0.0,-1,0.0,-1
2010,2,Duke,1,,0-0,0.0,116.9563,6,89.2061,6,66.6843,198,0.0,-1,0.0,-1,0.0,-1,0.0,-1,0.0,-1
2010,3,Syracuse,1,,0-0,0.0,115.7085,10,91.8891,22,70.7441,37,0.0,-1,0.0,-1,0.0,-1,0.0,-1,0.0,-1
2010,4,Ohio St.,2,,0-0,0.0,116.1582,8,92.6564,29,65.8241,236,0.0,-1,0.0,-1,0.0,-1,0.0,-1,0.0,-1
2010,5,West Virginia,2,,0-0,0.0,115.8246,9,92.8376,31,63.413000000000004,312,0.0,-1,0.0,-1,0.0,-1,0.0,-1,0.0,-1
2010,6,Kentucky,1,,0-0,0.0,111.7599,26,89.6768,9,69.4026,71,0.0,-1,0.0,-1,0.0,-1,0.0,-1,0.0,-1
2010,7,Kansas St.,2,,0-0,0.0,113.9432,17,91.5124,19,71.048,31,0.0,-1,0.0,-1,0.0,-1,0.0,-1,0.0,-1
2010,8,Wisconsin,4,,0-0,0.0,113.3768,19,91.37700000000001,16,60.2109,340,0.0,-1,0.0,-1,0.0,-1,0.0,-1,0.0,-1
2010,9,Georgetown,3,,0-0,0.0,115.2194,12,93.5121,37,66.5662,207,0.0,-1,0.0,-1,0.0,-1,0.0,-1,0.0,-1
2010,10,BYU,7,,0-0,0.0,115.5427,11,93.9176,44,72.8186,12,0.0,-1,0.0,-1,0.0,-1,0.0,-1,0.0,-1
2010,11,Baylor,3,,0-0,0.0,117.53,4,95.60799999999999,60,65.8184,237,0.0,-1,0.0,-1,0.0,-1,0.0,-1,0.0,-1
2010,12,Temple,5,,0-0,0.0,105.8365,92,86.5396,2,61.2041,336,0.0,-1,0.0,-1,0.0,-1,0.0,-1,0.0,-1
2010,13,Maryland,4,,0-0,0.0,116.2984,7,95.6735,61,70.1729,51,0.0,-1,0.0,-1,0.0,-1,0.0,-1,0.0,-1
2010,14,Villanova,2,,0-0,0.0,116.9981,5,96.3553,67,72.8656,11,0.0,-1,0.0,-1,0.0,-1,0.0,-1,0.0,-1
2010,15,Purdue,4,,0-0,0.0,107.2779,71,88.7593,4,67.1506,180,0.0,-1,0.0,-1,0.0,-1,0.0,-1,0.0,-1
2010,16,Butler,5,,0-0,0.0,108.1695,55,89.6286,8,65.1617,269,0.0,-1,0.0,-1,0.0,-1,0.0,-1,0.0,-1
2010,17,Texas A&M,5,,0-0,0.0,109.9856,43,91.8015,21,65.6275,246,0.0,-1,0.0,-1,0.0,-1,0.0,-1,0.0,-1
2010,18,Utah St.,12,,0-0,0.0,113.6422,18,95.4057,58,61.5347,332,0.0,-1,0.0,-1,0.0,-1,0.0,-1,0.0,-1
2010,19,California,8,,0-0,0.0,117.8527,3,99.0621,122,68.4611,113,0.0,-1,0.0,-1,0.0,-1,0.0,-1,0.0,-1
2010,20,Xavier,6,,0-0,0.0,114.0637,15,95.8879,64,70.7366,38,0.0,-1,0.0,-1,0.0,-1,0.0,-1,0.0,-1
2010,21,Northern Iowa,9,,0-0,0.0,106.1109,86,89.2475,7,59.9,342,0.0,-1,0.0,-1,0.0,-1,0.0,-1,0.0,-1
2010,22,Michigan St.,5,,0-0,0.0,109.2147,47,91.95200000000001,23,67.1159,182,0.0,-1,0.0,-1,0.0,-1,0.0,-1,0.0,-1
2010,23,Marquette,6,,0-0,0.0,111.824,24,94.2287,47,63.7749,303,0.0,-1,0.0,-1,0.0,-1,0.0,-1,0.0,-1
2010,24,Pittsburgh,3,,0-0,0.0,109.9858,42,92.9145,32,61.8614,331,0.0,-1,0.0,-1,0.0,-1,0.0,-1,0.0,-1
2010,25,Notre Dame,6,,0-0,0.0,118.1491,2,99.8575,138,63.7279,304,0.0,-1,0.0,-1,0.0,-1,0.0,-1,0.0,-1
2010,26,Clemson,7,,0-0,0.0,107.7848,62,91.1365,15,69.0572,84,0.0,-1,0.0,-1,0.0,-1,0.0,-1,0.0,-1
2010,27,Texas,8,,0-0,0.0,111.595,27,94.5267,48,72.7233,14,0.0,-1,0.0,-1,0.0,-1,0.0,-1,0.0,-1
2010,28,Florida St.,9,,0-0,0.0,102.4203,153,86.9926,3,66.854,191,0.0,-1,0.0,-1,0.0,-1,0.0,-1,0.0,-1
2010,29,Saint Mary's,10,,0-0,0.0,114.3804,14,97.4088,85,67.9883,135,0.0,-1,0.0,-1,0.0,-1,0.0,-1,0.0,-1
2010,30,UTEP,12,,0-0,0.0,105.4755,100,89.8379,10,69.44800000000001,69,0.0,-1,0.0,-1,0.0,-1,0.0,-1,0.0,-1
2010,31,Georgia Tech,10,,0-0,0.0,107.223,72,91.4419,17,69.6914,63,0.0,-1,0.0,-1,0.0,-1,0.0,-1,0.0,-1
2010,32,Missouri,10,,0-0,0.0,107.353,67,91.5904,20,70.5175,40,0.0,-1,0.0,-1,0.0,-1,0.0,-1,0.0,-1
2010,33,Minnesota,11,,0-0,0.0,111.3559,29,95.1273,54,66.6091,204,0.0,-1,0.0,-1,0.0,-1,0.0,-1,0.0,-1
2010,34,Old Dominion,11,,0-0,0.0,106.9823,76,91.4813,18,64.0617,299,0.0,-1,0.0,-1,0.0,-1,0.0,-1,0.0,-1
2010,35,San Diego St.,11,,0-0,0.0,109.4099,46,93.9251,46,64.6254,280,0.0,-1,0.0,-1,0.0,-1,0.0,-1,0.0,-1
2010,38,Tennessee,6,,0-0,0.0,104.1957,124,89.8789,11,69.4883,68,0.0,-1,0.0,-1,0.0,-1,0.0,-1,0.0,-1
2010,39,Oklahoma St.,7,,0-0,0.0,110.3771,41,95.4271,59,68.0064,131,0.0,-1,0.0,-1,0.0,-1,0.0,-1,0.0,-1
2010,40,Richmond,7,,0-0,0.0,107.9261,56,93.336,35,64.1043,295,0.0,-1,0.0,-1,0.0,-1,0.0,-1,0.0,-1
2010,41,New Mexico,3,,0-0,0.0,113.061,21,97.9063,94,68.6377,106,0.0,-1,0.0,-1,0.0,-1,0.0,-1,0.0,-1
2010,42,UNLV,8,,0-0,0.0,107.4345,63,93.0854,33,67.3452,167,0.0,-1,0.0,-1,0.0,-1,0.0,-1,0.0,-1
2010,43,Louisville,9,,0-0,0.0,113.1934,20,98.1397,102,67.2902,172,0.0,-1,0.0,-1,0.0,-1,0.0,-1,0.0,-1
2010,44,Washington,11,,0-0,0.0,109.5266,45,95.1524,55,73.2103,10,0.0,-1,0.0,-1,0.0,-1,0.0,-1,0.0,-1
2010,45,Vanderbilt,4,,0-0,0.0,111.5836,28,96.9705,75,69.7497,61,0.0,-1,0.0,-1,0.0,-1,0.0,-1,0.0,-1
2010,46,Gonzaga,8,,0-0,0.0,110.4838,39,96.2094,66,68.8178,95,0.0,-1,0.0,-1,0.0,-1,0.0,-1,0.0,-1
2010,47,Siena,13,,0-0,0.0,108.4629,53,94.586,49,70.1254,52,0.0,-1,0.0,-1,0.0,-1,0.0,-1,0.0,-1
2010,49,Murray St.,13,,0-0,0.0,107.2862,69,93.9013,42,67.2484,175,0.0,-1,0.0,-1,0.0,-1,0.0,-1,0.0,-1
2010,52,Florida,10,,0-0,0.0,111.3105,30,98.0395,98,65.4095,258,0.0,-1,0.0,-1,0.0,-1,0.0,-1,0.0,-1
2010,57,Wake Forest,9,,0-0,0.0,104.611,112,92.6926,30,70.2811,46,0.0,-1,0.0,-1,0.0,-1,0.0,-1,0.0,-1
2010,60,Cornell,12,,0-0,0.0,114.0527,16,102.0349,178,65.7817,240,0.0,-1,0.0,-1,0.0,-1,0.0,-1,0.0,-1
2010,71,Wofford,13,,0-0,0.0,102.7302,151,93.2594,34,65.0668,272,0.0,-1,0.0,-1,0.0,-1,0.0,-1,0.0,-1
2010,87,Houston,13,,0-0,0.0,110.7958,35,102.6934,194,72.0842,20,0.0,-1,0.0,-1,0.0,-1,0.0,-1,0.0,-1
2010,93,Ohio,14,,0-0,0.0,105.8645,90,98.3988,107,69.5351,65,0.0,-1,0.0,-1,0.0,-1,0.0,-1,0.0,-1
2010,98,Montana,14,,0-0,0.0,105.1683,103,98.5583,111,63.7143,306,0.0,-1,0.0,-1,0.0,-1,0.0,-1,0.0,-1
2010,101,Sam Houston St.,14,,0-0,0.0,109.6887,44,103.0312,207,70.0544,56,0.0,-1,0.0,-1,0.0,-1,0.0,-1,0.0,-1
2010,105,New Mexico St.,12,,0-0,0.0,111.0211,34,104.5017,234,71.8473,23,0.0,-1,0.0,-1,0.0,-1,0.0,-1,0.0,-1
2010,126,Vermont,16,,0-0,0.0,103.4121,139,99.9431,140,67.5554,157,0.0,-1,0.0,-1,0.0,-1,0.0,-1,0.0,-1
2010,129,Oakland,14,,0-0,0.0,107.399,65,103.8548,223,70.3013,44,0.0,-1,0.0,-1,0.0,-1,0.0,-1,0.0,-1
2010,142,East Tennessee St.,16,,0-0,0.0,98.9957,201,96.6636,73,67.9971,133,0.0,-1,0.0,-1,0.0,-1,0.0,-1,0.0,-1
2010,147,UC Santa Barbara,15,,0-0,0.0,98.7179,209,96.8624,74,67.5656,154,0.0,-1,0.0,-1,0.0,-1,0.0,-1,0.0,-1
2010,153,Morgan St.,15,,0-0,0.0,103.8837,133,102.4671,191,69.8163,60,0.0,-1,0.0,-1,0.0,-1,0.0,-1,0.0,-1
2010,175,North Texas,15,,0-0,0.0,101.9835,160,102.4178,188,68.7284,98,0.0,-1,0.0,-1,0.0,-1,0.0,-1,0.0,-1
2010,181,Robert Morris,15,,0-0,0.0,99.3736,198,100.2647,146,67.0644,185,0.0,-1,0.0,-1,0.0,-1,0.0,-1,0.0,-1
2010,183,Lehigh,16,,0-0,0.0,104.4722,117,105.5154,256,70.064,55,0.0,-1,0.0,-1,0.0,-1,0.0,-1,0.0,-1
2010,198,Winthrop,16,,0-0,0.0,91.0378,313,93.4481,36,65.7858,238,0.0,-1,0.0,-1,0.0,-1,0.0,-1,0.0,-1
2010,237,Arkansas Pine Bluff,16,,0-0,0.0,90.1584,319,96.6486,72,66.6265,202,0.0,-1,0.0,-1,0.0,-1,0.0,-1,0.0,-1
2011,1,Ohio St.,1,,0-0,0.0,122.7577,1,93.0615,22,65.6197,229,0.0,-1,0.0,-1,0.0,-1,0.0,-1,0.0,-1
2011,2,Duke,1,,0-0,0.0,117.0254,5,90.59700000000001,8,69.6441,44,0.0,-1,0.0,-1,0.0,-1,0.0,-1,0.0,-1
2011,3,Kansas,1,,0-0,0.0,118.1055,4,92.6144,21,69.5525,48,0.0,-1,0.0,-1,0.0,-1,0.0,-1,0.0,-1
2011,4,Texas,4,,0-0,0.0,114.2741,13,89.9466,5,66.9406,157,0.0,-1,0.0,-1,0.0,-1,0.0,-1,0.0,-1
2011,5,Pittsburgh,1,,0-0,0.0,116.9582,6,92.3027,17,63.2818,314,0.0,-1,0.0,-1,0.0,-1,0.0,-1,0.0,-1
2011,6,San Diego St.,2,,0-0,0.0,111.79799999999999,27,88.5442,1,64.1696,287,0.0,-1,0.0,-1,0.0,-1,0.0,-1,0.0,-1
2011,7,Kentucky,4,,0-0,0.0,116.2402,8,93.2588,27,66.7758,164,0.0,-1,0.0,-1,0.0,-1,0.0,-1,0.0,-1
2011,8,Notre Dame,2,,0-0,0.0,121.1025,2,97.4741,76,64.4465,273,0.0,-1,0.0,-1,0.0,-1,0.0,-1,0.0,-1
2011,9,Purdue,3,,0-0,0.0,113.3805,19,91.3194,14,67.1564,145,0.0,-1,0.0,-1,0.0,-1,0.0,-1,0.0,-1
2011,10,Wisconsin,4,,0-0,0.0,119.7906,3,96.6503,61,57.6154,345,0.0,-1,0.0,-1,0.0,-1,0.0,-1,0.0,-1
2011,11,Louisville,4,,0-0,0.0,109.2708,49,89.1555,3,67.706,112,0.0,-1,0.0,-1,0.0,-1,0.0,-1,0.0,-1
2011,12,BYU,3,,0-0,0.0,116.8365,7,95.5921,51,71.1552,23,0.0,-1,0.0,-1,0.0,-1,0.0,-1,0.0,-1
2011,13,Connecticut,3,,0-0,0.0,113.8185,17,93.8292,30,66.2648,193,0.0,-1,0.0,-1,0.0,-1,0.0,-1,0.0,-1
2011,14,North Carolina,2,,0-0,0.0,109.1614,51,90.3427,7,71.3191,21,0.0,-1,0.0,-1,0.0,-1,0.0,-1,0.0,-1
2011,15,Utah St.,12,,0-0,0.0,108.3966,61,89.7383,4,63.7416,302,0.0,-1,0.0,-1,0.0,-1,0.0,-1,0.0,-1
2011,16,Syracuse,3,,0-0,0.0,111.5627,29,92.5685,20,66.6442,173,0.0,-1,0.0,-1,0.0,-1,0.0,-1,0.0,-1
2011,17,Florida,2,,0-0,0.0,113.4598,18,95.2289,45,63.9187,297,0.0,-1,0.0,-1,0.0,-1,0.0,-1,0.0,-1
2011,18,Cincinnati,6,,0-0,0.0,108.1173,64,90.9198,10,64.1785,286,0.0,-1,0.0,-1,0.0,-1,0.0,-1,0.0,-1
2011,19,West Virginia,5,,0-0,0.0,111.20200000000001,32,93.5545,28,63.5788,308,0.0,-1,0.0,-1,0.0,-1,0.0,-1,0.0,-1
2011,20,Washington,7,,0-0,0.0,113.1615,21,95.2972,46,71.6811,16,0.0,-1,0.0,-1,0.0,-1,0.0,-1,0.0,-1
2011,21,Belmont,13,,0-0,0.0,109.9871,39,93.1277,26,69.1109,56,0.0,-1,0.0,-1,0.0,-1,0.0,-1,0.0,-1
2011,22,Illinois,9,,0-0,0.0,109.6508,46,93.10799999999999,25,66.7002,168,0.0,-1,0.0,-1,0.0,-1,0.0,-1,0.0,-1
2011,23,Clemson,12,,0-0,0.0,106.7393,80,90.6585,9,65.0122,252,0.0,-1,0.0,-1,0.0,-1,0.0,-1,0.0,-1
2011,24,UNLV,8,,0-0,0.0,108.5438,57,92.3419,18,67.9831,101,0.0,-1,0.0,-1,0.0,-1,0.0,-1,0.0,-1
2011,25,George Mason,8,,0-0,0.0,112.5054,23,95.7192,53,65.8399,220,0.0,-1,0.0,-1,0.0,-1,0.0,-1,0.0,-1
2011,26,Kansas St.,5,,0-0,0.0,107.584,70,92.0743,16,68.0353,97,0.0,-1,0.0,-1,0.0,-1,0.0,-1,0.0,-1
2011,27,Georgetown,6,,0-0,0.0,111.5041,31,95.5499,49,64.8766,255,0.0,-1,0.0,-1,0.0,-1,0.0,-1,0.0,-1
2011,28,Temple,7,,0-0,0.0,108.4174,60,93.089,23,65.3118,243,0.0,-1,0.0,-1,0.0,-1,0.0,-1,0.0,-1
2011,29,Marquette,11,,0-0,0.0,113.9946,16,97.9858,86,67.69800000000001,114,0.0,-1,0.0,-1,0.0,-1,0.0,-1,0.0,-1
2011,30,Arizona,5,,0-0,0.0,114.0809,15,98.0954,89,66.2369,194,0.0,-1,0.0,-1,0.0,-1,0.0,-1,0.0,-1
2011,31,St. John's,6,,0-0,0.0,109.463,48,94.1892,35,67.1927,143,0.0,-1,0.0,-1,0.0,-1,0.0,-1,0.0,-1
2011,32,Xavier,6,,0-0,0.0,111.5789,28,96.1271,56,66.1118,204,0.0,-1,0.0,-1,0.0,-1,0.0,-1,0.0,-1
2011,33,Villanova,9,,0-0,0.0,113.3295,20,97.8193,81,66.2362,195,0.0,-1,0.0,-1,0.0,-1,0.0,-1,0.0,-1
2011,34,Gonzaga,11,,0-0,0.0,109.1328,52,94.939,41,67.6701,116,0.0,-1,0.0,-1,0.0,-1,0.0,-1,0.0,-1
2011,35,Richmond,12,,0-0,0.0,109.8189,44,95.5788,50,63.7999,300,0.0,-1,0.0,-1,0.0,-1,0.0,-1,0.0,-1
2011,36,Missouri,11,,0-0,0.0,111.5584,30,97.0937,67,72.1446,13,0.0,-1,0.0,-1,0.0,-1,0.0,-1,0.0,-1
2011,37,Vanderbilt,5,,0-0,0.0,114.0935,14,99.4773,114,67.7293,110,0.0,-1,0.0,-1,0.0,-1,0.0,-1,0.0,-1
2011,39,Old Dominion,9,,0-0,0.0,108.3572,62,94.7348,39,61.4035,332,0.0,-1,0.0,-1,0.0,-1,0.0,-1,0.0,-1
2011,40,Texas A&M,7,,0-0,0.0,107.6803,66,94.1593,34,62.4497,325,0.0,-1,0.0,-1,0.0,-1,0.0,-1,0.0,-1
2011,42,Florida St.,10,,0-0,0.0,100.986,183,88.5932,2,69.0474,57,0.0,-1,0.0,-1,0.0,-1,0.0,-1,0.0,-1
2011,43,Michigan,8,,0-0,0.0,109.0559,55,95.7399,54,62.8073,323,0.0,-1,0.0,-1,0.0,-1,0.0,-1,0.0,-1
2011,44,Penn St.,10,,0-0,0.0,109.8158,45,96.7906,64,60.5042,341,0.0,-1,0.0,-1,0.0,-1,0.0,-1,0.0,-1
2011,45,Butler,8,,0-0,0.0,110.4816,37,97.4949,77,64.4187,276,0.0,-1,0.0,-1,0.0,-1,0.0,-1,0.0,-1
2011,46,Michigan St.,10,,0-0,0.0,106.4587,84,94.0441,32,65.8334,221,0.0,-1,0.0,-1,0.0,-1,0.0,-1,0.0,-1
2011,48,USC,11,,0-0,0.0,106.3344,87,94.1211,33,63.3222,313,0.0,-1,0.0,-1,0.0,-1,0.0,-1,0.0,-1
2011,53,UCLA,7,,0-0,0.0,105.18700000000001,97,93.7787,29,66.2188,196,0.0,-1,0.0,-1,0.0,-1,0.0,-1,0.0,-1
2011,54,UAB,12,,0-0,0.0,107.0116,76,95.425,47,62.9372,318,0.0,-1,0.0,-1,0.0,-1,0.0,-1,0.0,-1
2011,57,Tennessee,9,,0-0,0.0,105.9635,89,94.7548,40,67.1453,146,0.0,-1,0.0,-1,0.0,-1,0.0,-1,0.0,-1
2011,60,Oakland,13,,0-0,0.0,115.9563,9,103.945,222,72.877,7,0.0,-1,0.0,-1,0.0,-1,0.0,-1,0.0,-1
2011,61,Georgia,10,,0-0,0.0,105.9155,91,95.2048,44,64.7362,261,0.0,-1,0.0,-1,0.0,-1,0.0,-1,0.0,-1
2011,74,Princeton,13,,0-0,0.0,105.0343,102,96.3833,58,64.2595,283,0.0,-1,0.0,-1,0.0,-1,0.0,-1,0.0,-1
2011,78,VCU,11,,0-0,0.0,109.1301,53,101.0565,145,66.4987,177,0.0,-1,0.0,-1,0.0,-1,0.0,-1,0.0,-1
2011,82,Bucknell,14,,0-0,0.0,104.3282,112,97.1023,68,66.2722,192,0.0,-1,0.0,-1,0.0,-1,0.0,-1,0.0,-1
2011,83,Morehead St.,13,,0-0,0.0,104.3969,109,97.6018,79,64.7805,258,0.0,-1,0.0,-1,0.0,-1,0.0,-1,0.0,-1
2011,84,Wofford,14,,0-0,0.0,110.9243,33,103.7717,217,64.5726,270,0.0,-1,0.0,-1,0.0,-1,0.0,-1,0.0,-1
2011,90,Memphis,12,,0-0,0.0,102.0442,157,95.9337,55,68.5502,70,0.0,-1,0.0,-1,0.0,-1,0.0,-1,0.0,-1
2011,99,LIU Brooklyn,15,,0-0,0.0,108.45700000000001,58,103.0628,205,73.9482,4,0.0,-1,0.0,-1,0.0,-1,0.0,-1,0.0,-1
2011,107,Saint Peter's,14,,0-0,0.0,94.5413,290,90.2561,6,65.8472,219,0.0,-1,0.0,-1,0.0,-1,0.0,-1,0.0,-1
2011,116,Northern Colorado,15,,0-0,0.0,105.1764,98,101.3395,155,67.9842,100,0.0,-1,0.0,-1,0.0,-1,0.0,-1,0.0,-1
2011,119,Indiana St.,14,,0-0,0.0,100.2028,199,96.5992,60,66.3995,185,0.0,-1,0.0,-1,0.0,-1,0.0,-1,0.0,-1
2011,120,Akron,15,,0-0,0.0,102.2825,152,98.6403,100,66.7479,167,0.0,-1,0.0,-1,0.0,-1,0.0,-1,0.0,-1
2011,121,UC Santa Barbara,15,,0-0,0.0,102.0934,156,98.7375,102,65.4064,239,0.0,-1,0.0,-1,0.0,-1,0.0,-1,0.0,-1
2011,135,UNC Asheville,16,,0-0,0.0,99.7224,209,97.4195,73,68.8931,62,0.0,-1,0.0,-1,0.0,-1,0.0,-1,0.0,-1
2011,164,Boston University,16,,0-0,0.0,101.5888,173,101.851,170,63.9724,295,0.0,-1,0.0,-1,0.0,-1,0.0,-1,0.0,-1
2011,194,Hampton,16,,0-0,0.0,94.2017,293,96.7231,63,68.0682,95,0.0,-1,0.0,-1,0.0,-1,0.0,-1,0.0,-1
2011,210,UTSA,16,,0-0,0.0,101.6141,172,105.8219,259,67.7934,109,0.0,-1,0.0,-1,0.0,-1,0.0,-1,0.0,-1
2011,212,Arkansas Little Rock,16,,0-0,0.0,99.5586,212,103.7493,215,65.3314,242,0.0,-1,0.0,-1,0.0,-1,0.0,-1,0.0,-1
2011,290,Alabama St.,16,,0-0,0.0,93.23100000000001,303,104.10799999999999,228,65.0064,253,0.0,-1,0.0,-1,0.0,-1,0.0,-1,0.0,-1
2012,1,Kentucky,1,,0-0,0.0,118.6576,2,89.2855,5,65.6735,191,0.0,-1,0.0,-1,0.0,-1,0.0,-1,0.0,-1
2012,2,Michigan St.,1,,0-0,0.0,112.9404,19,86.7237,2,65.5715,198,0.0,-1,0.0,-1,0.0,-1,0.0,-1,0.0,-1
2012,3,Ohio St.,2,,0-0,0.0,116.1609,6,89.8828,9,67.907,84,0.0,-1,0.0,-1,0.0,-1,0.0,-1,0.0,-1
2012,4,Kansas,2,,0-0,0.0,113.6034,15,89.514,7,67.719,93,0.0,-1,0.0,-1,0.0,-1,0.0,-1,0.0,-1
2012,5,North Carolina,1,,0-0,0.0,115.7779,7,91.4402,15,72.2329,9,0.0,-1,0.0,-1,0.0,-1,0.0,-1,0.0,-1
2012,6,Missouri,2,,0-0,0.0,123.2176,1,98.0324,107,66.3008,150,0.0,-1,0.0,-1,0.0,-1,0.0,-1,0.0,-1
2012,7,Syracuse,1,,0-0,0.0,113.5377,16,90.5279,12,65.8899,180,0.0,-1,0.0,-1,0.0,-1,0.0,-1,0.0,-1
2012,8,Memphis,8,,0-0,0.0,113.1039,18,91.73100000000001,16,68.3179,68,0.0,-1,0.0,-1,0.0,-1,0.0,-1,0.0,-1
2012,9,Wichita St.,5,,0-0,0.0,115.3159,8,94.0756,39,67.0088,122,0.0,-1,0.0,-1,0.0,-1,0.0,-1,0.0,-1
2012,10,Wisconsin,4,,0-0,0.0,109.6301,35,89.7243,8,58.9637,344,0.0,-1,0.0,-1,0.0,-1,0.0,-1,0.0,-1
2012,11,Baylor,3,,0-0,0.0,114.8636,11,94.6378,47,66.4663,145,0.0,-1,0.0,-1,0.0,-1,0.0,-1,0.0,-1
2012,12,Indiana,4,,0-0,0.0,117.8019,4,97.1647,83,67.5074,104,0.0,-1,0.0,-1,0.0,-1,0.0,-1,0.0,-1
2012,13,Vanderbilt,5,,0-0,0.0,113.3553,17,93.8392,33,65.5869,196,0.0,-1,0.0,-1,0.0,-1,0.0,-1,0.0,-1
2012,14,Saint Louis,9,,0-0,0.0,109.1873,41,90.9367,13,62.8375,303,0.0,-1,0.0,-1,0.0,-1,0.0,-1,0.0,-1
2012,15,Georgetown,3,,0-0,0.0,108.2437,52,90.2266,10,63.2546,294,0.0,-1,0.0,-1,0.0,-1,0.0,-1,0.0,-1
2012,16,Duke,2,,0-0,0.0,115.1419,9,96.3869,72,67.5818,100,0.0,-1,0.0,-1,0.0,-1,0.0,-1,0.0,-1
2012,17,New Mexico,5,,0-0,0.0,108.7232,46,91.0953,14,66.7071,136,0.0,-1,0.0,-1,0.0,-1,0.0,-1,0.0,-1
2012,18,Marquette,3,,0-0,0.0,109.9601,29,92.5226,20,71.3801,15,0.0,-1,0.0,-1,0.0,-1,0.0,-1,0.0,-1
2012,19,Florida,7,,0-0,0.0,118.5885,3,100.0833,146,64.8676,234,0.0,-1,0.0,-1,0.0,-1,0.0,-1,0.0,-1
2012,20,Louisville,4,,0-0,0.0,102.4523,139,86.5164,1,67.6443,97,0.0,-1,0.0,-1,0.0,-1,0.0,-1,0.0,-1
2012,21,Kansas St.,8,,0-0,0.0,108.6262,50,91.8746,17,67.2175,113,0.0,-1,0.0,-1,0.0,-1,0.0,-1,0.0,-1
2012,22,Florida St.,3,,0-0,0.0,106.6959,72,90.3305,11,67.6574,96,0.0,-1,0.0,-1,0.0,-1,0.0,-1,0.0,-1
2012,23,Michigan,4,,0-0,0.0,111.7586,23,95.2138,55,61.3828,326,0.0,-1,0.0,-1,0.0,-1,0.0,-1,0.0,-1
2012,24,Virginia,10,,0-0,0.0,103.5101,121,88.7293,3,60.4279,339,0.0,-1,0.0,-1,0.0,-1,0.0,-1,0.0,-1
2012,25,Gonzaga,7,,0-0,0.0,109.6611,32,94.0504,37,65.92399999999999,176,0.0,-1,0.0,-1,0.0,-1,0.0,-1,0.0,-1
2012,26,Iowa St.,8,,0-0,0.0,110.1804,28,94.7756,50,67.2987,110,0.0,-1,0.0,-1,0.0,-1,0.0,-1,0.0,-1
2012,27,Alabama,9,,0-0,0.0,103.1698,130,89.1305,4,63.4132,290,0.0,-1,0.0,-1,0.0,-1,0.0,-1,0.0,-1
2012,28,Long Beach St.,12,,0-0,0.0,109.1621,42,94.4137,44,67.3175,109,0.0,-1,0.0,-1,0.0,-1,0.0,-1,0.0,-1
2012,29,Texas,11,,0-0,0.0,111.3908,26,96.3472,71,65.9949,171,0.0,-1,0.0,-1,0.0,-1,0.0,-1,0.0,-1
2012,30,Belmont,14,,0-0,0.0,114.1432,13,98.9414,126,68.4539,64,0.0,-1,0.0,-1,0.0,-1,0.0,-1,0.0,-1
2012,31,Murray St.,6,,0-0,0.0,107.9331,57,93.6065,30,66.0823,164,0.0,-1,0.0,-1,0.0,-1,0.0,-1,0.0,-1
2012,32,Cincinnati,6,,0-0,0.0,107.6492,59,93.3723,27,63.7372,281,0.0,-1,0.0,-1,0.0,-1,0.0,-1,0.0,-1
2012,33,Purdue,10,,0-0,0.0,114.9153,10,99.7541,140,65.4471,202,0.0,-1,0.0,-1,0.0,-1,0.0,-1,0.0,-1
2012,34,Temple,5,,0-0,0.0,112.4097,21,97.8335,100,66.9509,126,0.0,-1,0.0,-1,0.0,-1,0.0,-1,0.0,-1
2012,35,Harvard,12,,0-0,0.0,106.8588,69,93.0303,22,61.1614,329,0.0,-1,0.0,-1,0.0,-1,0.0,-1,0.0,-1
2012,36,UNLV,6,,0-0,0.0,106.8185,71,93.0018,21,69.7252,30,0.0,-1,0.0,-1,0.0,-1,0.0,-1,0.0,-1
2012,37,California,12,,0-0,0.0,108.8378,45,94.7724,49,67.2119,114,0.0,-1,0.0,-1,0.0,-1,0.0,-1,0.0,-1
2012,38,Creighton,8,,0-0,0.0,117.5104,5,102.413,195,67.0368,120,0.0,-1,0.0,-1,0.0,-1,0.0,-1,0.0,-1
2012,41,Connecticut,9,,0-0,0.0,109.0886,43,95.7799,61,63.9411,273,0.0,-1,0.0,-1,0.0,-1,0.0,-1,0.0,-1
2012,42,Notre Dame,7,,0-0,0.0,107.713,58,94.8885,51,61.3285,327,0.0,-1,0.0,-1,0.0,-1,0.0,-1,0.0,-1
2012,43,Saint Mary's,7,,0-0,0.0,112.8068,20,99.4461,135,64.0271,270,0.0,-1,0.0,-1,0.0,-1,0.0,-1,0.0,-1
2012,44,VCU,12,,0-0,0.0,105.6999,84,93.3578,26,66.3586,147,0.0,-1,0.0,-1,0.0,-1,0.0,-1,0.0,-1
2012,45,West Virginia,10,,0-0,0.0,109.5359,37,97.0727,82,64.9126,228,0.0,-1,0.0,-1,0.0,-1,0.0,-1,0.0,-1
2012,46,San Diego St.,6,,0-0,0.0,105.3074,92,93.8821,34,66.7058,137,0.0,-1,0.0,-1,0.0,-1,0.0,-1,0.0,-1
2012,49,North Carolina St.,11,,0-0,0.0,109.6757,31,98.0196,106,68.1078,80,0.0,-1,0.0,-1,0.0,-1,0.0,-1,0.0,-1
2012,50,St. Bonaventure,14,,0-0,0.0,108.7195,47,97.4982,93,64.1663,261,0.0,-1,0.0,-1,0.0,-1,0.0,-1,0.0,-1
2012,52,South Florida,12,,0-0,0.0,99.43299999999999,208,89.3699,6,59.8498,342,0.0,-1,0.0,-1,0.0,-1,0.0,-1,0.0,-1
2012,55,Xavier,10,,0-0,0.0,105.8775,81,95.3965,59,67.5753,101,0.0,-1,0.0,-1,0.0,-1,0.0,-1,0.0,-1
2012,56,New Mexico St.,13,,0-0,0.0,106.6245,73,96.2134,69,70.8529,19,0.0,-1,0.0,-1,0.0,-1,0.0,-1,0.0,-1
2012,57,Iona,14,,0-0,0.0,114.2579,12,103.1821,213,70.5468,22,0.0,-1,0.0,-1,0.0,-1,0.0,-1,0.0,-1
2012,58,Ohio,13,,0-0,0.0,104.4235,106,94.3952,43,67.1738,115,0.0,-1,0.0,-1,0.0,-1,0.0,-1,0.0,-1
2012,61,BYU,14,,0-0,0.0,103.6205,120,93.7577,31,73.22399999999999,5,0.0,-1,0.0,-1,0.0,-1,0.0,-1,0.0,-1
2012,62,South Dakota St.,14,,0-0,0.0,111.4897,25,101.008,162,65.6794,190,0.0,-1,0.0,-1,0.0,-1,0.0,-1,0.0,-1
2012,65,Southern Miss,9,,0-0,0.0,109.2343,40,99.2821,134,64.9346,225,0.0,-1,0.0,-1,0.0,-1,0.0,-1,0.0,-1
2012,69,Davidson,13,,0-0,0.0,109.6595,33,100.167,148,68.1338,79,0.0,-1,0.0,-1,0.0,-1,0.0,-1,0.0,-1
2012,72,Lehigh,15,,0-0,0.0,107.3817,62,98.1931,109,68.6088,56,0.0,-1,0.0,-1,0.0,-1,0.0,-1,0.0,-1
2012,75,Colorado St.,11,,0-0,0.0,111.5288,24,102.4107,194,64.77199999999999,241,0.0,-1,0.0,-1,0.0,-1,0.0,-1,0.0,-1
2012,81,Montana,13,,0-0,0.0,101.8435,151,94.4845,46,65.6285,193,0.0,-1,0.0,-1,0.0,-1,0.0,-1,0.0,-1
2012,87,Colorado,11,,0-0,0.0,102.1316,146,94.9801,53,65.5743,197,0.0,-1,0.0,-1,0.0,-1,0.0,-1,0.0,-1
2012,98,Lamar,16,,0-0,0.0,105.5522,86,98.7874,122,67.0263,121,0.0,-1,0.0,-1,0.0,-1,0.0,-1,0.0,-1
2012,107,Detroit,15,,0-0,0.0,107.17399999999999,64,101.1803,166,68.2078,73,0.0,-1,0.0,-1,0.0,-1,0.0,-1,0.0,-1
2012,121,Vermont,16,,0-0,0.0,101.3577,164,97.3804,90,63.6403,282,0.0,-1,0.0,-1,0.0,-1,0.0,-1,0.0,-1
2012,122,UNC Asheville,16,,0-0,0.0,107.1992,63,103.1621,212,69.4667,35,0.0,-1,0.0,-1,0.0,-1,0.0,-1,0.0,-1
2012,128,Loyola MD,15,,0-0,0.0,102.1924,144,98.6083,117,64.1489,262,0.0,-1,0.0,-1,0.0,-1,0.0,-1,0.0,-1
2012,161,LIU Brooklyn,16,,0-0,0.0,106.8891,68,106.5365,277,74.4428,2,0.0,-1,0.0,-1,0.0,-1,0.0,-1,0.0,-1
2012,188,Norfolk St.,15,,0-0,0.0,98.8032,217,101.0852,163,67.7355,92,0.0,-1,0.0,-1,0.0,-1,0.0,-1,0.0,-1
2012,192,Western Kentucky,16,,0-0,0.0,97.1503,247,99.7484,139,68.7064,53,0.0,-1,0.0,-1,0.0,-1,0.0,-1,0.0,-1
2012,235,Mississippi Valley St.,16,,0-0,0.0,97.3278,243,103.54700000000001,222,69.7714,29,0.0,-1,0.0,-1,0.0,-1,0.0,-1,0.0,-1
2013,1,Louisville,1,,0-0,0.0,112.1925,18,83.7994,1,67.2329,112,0.0,-1,0.0,-1,0.0,-1,0.0,-1,0.0,-1
2013,2,Florida,3,,0-0,0.0,113.9367,9,87.1551,4,62.4927,299,0.0,-1,0.0,-1,0.0,-1,0.0,-1,0.0,-1
2013,3,Gonzaga,1,,0-0,0.0,118.3677,2,91.9256,26,64.6243,231,0.0,-1,0.0,-1,0.0,-1,0.0,-1,0.0,-1
2013,4,Indiana,1,,0-0,0.0,120.4208,1,94.1769,44,67.7947,86,0.0,-1,0.0,-1,0.0,-1,0.0,-1,0.0,-1
2013,5,Ohio St.,2,,0-0,0.0,111.7563,21,89.2588,10,64.306,248,0.0,-1,0.0,-1,0.0,-1,0.0,-1,0.0,-1
2013,6,Duke,2,,0-0,0.0,117.2188,4,93.7064,39,67.9144,81,0.0,-1,0.0,-1,0.0,-1,0.0,-1,0.0,-1
2013,7,Kansas,1,,0-0,0.0,110.3897,34,88.3561,6,67.7027,91,0.0,-1,0.0,-1,0.0,-1,0.0,-1,0.0,-1
2013,8,Pittsburgh,8,,0-0,0.0,113.6168,10,90.9569,18,60.1872,339,0.0,-1,0.0,-1,0.0,-1,0.0,-1,0.0,-1
2013,9,Georgetown,2,,0-0,0.0,105.971,74,85.3144,2,61.8791,313,0.0,-1,0.0,-1,0.0,-1,0.0,-1,0.0,-1
2013,10,Michigan St.,3,,0-0,0.0,110.5066,32,89.6802,12,64.3999,244,0.0,-1,0.0,-1,0.0,-1,0.0,-1,0.0,-1
2013,11,Michigan,4,,0-0,0.0,118.0446,3,96.465,84,64.9809,215,0.0,-1,0.0,-1,0.0,-1,0.0,-1,0.0,-1
2013,12,New Mexico,3,,0-0,0.0,108.9021,43,89.2537,9,64.8457,220,0.0,-1,0.0,-1,0.0,-1,0.0,-1,0.0,-1
2013,13,Wisconsin,5,,0-0,0.0,104.9075,94,86.223,3,61.9516,310,0.0,-1,0.0,-1,0.0,-1,0.0,-1,0.0,-1
2013,14,Miami FL,2,,0-0,0.0,111.2036,26,91.59899999999999,23,63.2544,282,0.0,-1,0.0,-1,0.0,-1,0.0,-1,0.0,-1
2013,15,Syracuse,4,,0-0,0.0,113.0001,12,93.1225,36,64.5188,235,0.0,-1,0.0,-1,0.0,-1,0.0,-1,0.0,-1
2013,16,Saint Louis,4,,0-0,0.0,106.3669,69,87.9585,5,65.1178,207,0.0,-1,0.0,-1,0.0,-1,0.0,-1,0.0,-1
2013,17,Creighton,7,,0-0,0.0,116.5534,6,97.2293,98,64.9974,213,0.0,-1,0.0,-1,0.0,-1,0.0,-1,0.0,-1
2013,18,Oklahoma St.,5,,0-0,0.0,107.6637,55,90.3122,16,67.6554,94,0.0,-1,0.0,-1,0.0,-1,0.0,-1,0.0,-1
2013,19,Marquette,3,,0-0,0.0,112.1973,17,94.3506,45,64.9445,217,0.0,-1,0.0,-1,0.0,-1,0.0,-1,0.0,-1
2013,20,Colorado St.,8,,0-0,0.0,116.8317,5,98.5224,119,64.9916,214,0.0,-1,0.0,-1,0.0,-1,0.0,-1,0.0,-1
2013,21,Kansas St.,4,,0-0,0.0,112.351,16,94.7635,54,62.7742,293,0.0,-1,0.0,-1,0.0,-1,0.0,-1,0.0,-1
2013,22,Arizona,6,,0-0,0.0,111.8518,19,94.4586,49,66.9529,123,0.0,-1,0.0,-1,0.0,-1,0.0,-1,0.0,-1
2013,23,Missouri,9,,0-0,0.0,112.3819,15,95.1646,64,67.4153,103,0.0,-1,0.0,-1,0.0,-1,0.0,-1,0.0,-1
2013,24,San Diego St.,7,,0-0,0.0,104.7737,97,88.8763,7,66.8367,126,0.0,-1,0.0,-1,0.0,-1,0.0,-1,0.0,-1
2013,25,Memphis,6,,0-0,0.0,107.0489,61,90.9759,19,69.666,28,0.0,-1,0.0,-1,0.0,-1,0.0,-1,0.0,-1
2013,26,VCU,5,,0-0,0.0,111.4942,23,94.8571,57,68.4232,63,0.0,-1,0.0,-1,0.0,-1,0.0,-1,0.0,-1
2013,27,Saint Mary's,11,,0-0,0.0,113.3361,11,96.6889,88,64.8089,223,0.0,-1,0.0,-1,0.0,-1,0.0,-1,0.0,-1
2013,28,Notre Dame,7,,0-0,0.0,112.95700000000001,13,96.5989,87,61.5596,320,0.0,-1,0.0,-1,0.0,-1,0.0,-1,0.0,-1
2013,29,North Carolina,8,,0-0,0.0,111.353,25,95.3725,68,70.615,16,0.0,-1,0.0,-1,0.0,-1,0.0,-1,0.0,-1
2013,30,North Carolina St.,8,,0-0,0.0,114.0926,8,98.0104,110,68.1518,74,0.0,-1,0.0,-1,0.0,-1,0.0,-1,0.0,-1
2013,31,UNLV,5,,0-0,0.0,103.9361,113,89.3177,11,68.7702,53,0.0,-1,0.0,-1,0.0,-1,0.0,-1,0.0,-1
2013,32,Minnesota,11,,0-0,0.0,110.6366,31,95.1842,65,63.0456,288,0.0,-1,0.0,-1,0.0,-1,0.0,-1,0.0,-1
2013,34,Iowa St.,10,,0-0,0.0,115.6354,7,100.0209,148,69.3289,34,0.0,-1,0.0,-1,0.0,-1,0.0,-1,0.0,-1
2013,35,Wichita St.,9,,0-0,0.0,107.2784,59,92.8915,34,64.559,233,0.0,-1,0.0,-1,0.0,-1,0.0,-1,0.0,-1
2013,37,Mississippi,12,,0-0,0.0,110.4305,33,95.9562,77,70.7719,12,0.0,-1,0.0,-1,0.0,-1,0.0,-1,0.0,-1
2013,39,Cincinnati,10,,0-0,0.0,103.2159,130,89.8488,13,64.2905,250,0.0,-1,0.0,-1,0.0,-1,0.0,-1,0.0,-1
2013,40,Middle Tennessee,11,,0-0,0.0,104.2118,106,90.9321,17,65.0828,210,0.0,-1,0.0,-1,0.0,-1,0.0,-1,0.0,-1
2013,41,Boise St.,13,,0-0,0.0,111.3948,24,97.3042,100,66.3631,153,0.0,-1,0.0,-1,0.0,-1,0.0,-1,0.0,-1
2013,43,Butler,6,,0-0,0.0,107.7735,54,94.3603,46,64.4198,242,0.0,-1,0.0,-1,0.0,-1,0.0,-1,0.0,-1
2013,44,Oregon,12,,0-0,0.0,102.9085,132,90.2573,15,68.8999,46,0.0,-1,0.0,-1,0.0,-1,0.0,-1,0.0,-1
2013,46,Belmont,11,,0-0,0.0,108.772,45,95.5176,71,67.318,107,0.0,-1,0.0,-1,0.0,-1,0.0,-1,0.0,-1
2013,47,UCLA,6,,0-0,0.0,108.4535,48,95.3998,69,69.3219,35,0.0,-1,0.0,-1,0.0,-1,0.0,-1,0.0,-1
2013,48,Bucknell,11,,0-0,0.0,105.3449,84,92.6726,32,63.2109,285,0.0,-1,0.0,-1,0.0,-1,0.0,-1,0.0,-1
2013,49,Illinois,7,,0-0,0.0,107.5025,57,94.662,53,65.9896,166,0.0,-1,0.0,-1,0.0,-1,0.0,-1,0.0,-1
2013,50,Oklahoma,10,,0-0,0.0,109.8045,36,96.7627,90,66.8145,129,0.0,-1,0.0,-1,0.0,-1,0.0,-1,0.0,-1
2013,51,Villanova,9,,0-0,0.0,103.5914,121,91.3551,21,67.6763,93,0.0,-1,0.0,-1,0.0,-1,0.0,-1,0.0,-1
2013,52,Colorado,10,,0-0,0.0,104.0345,112,91.7783,25,64.9766,216,0.0,-1,0.0,-1,0.0,-1,0.0,-1,0.0,-1
2013,53,Akron,12,,0-0,0.0,105.1566,87,92.8759,33,66.6238,135,0.0,-1,0.0,-1,0.0,-1,0.0,-1,0.0,-1
2013,57,La Salle,13,,0-0,0.0,107.9554,52,96.5155,86,66.4892,141,0.0,-1,0.0,-1,0.0,-1,0.0,-1,0.0,-1
2013,59,Temple,9,,0-0,0.0,110.1654,35,99.0005,129,67.0178,120,0.0,-1,0.0,-1,0.0,-1,0.0,-1,0.0,-1
2013,60,California,12,,0-0,0.0,104.48,102,93.9141,42,65.8817,175,0.0,-1,0.0,-1,0.0,-1,0.0,-1,0.0,-1
2013,61,Valparaiso,14,,0-0,0.0,109.6939,37,98.7489,126,65.9264,170,0.0,-1,0.0,-1,0.0,-1,0.0,-1,0.0,-1
2013,65,Davidson,14,,0-0,0.0,111.0079,28,100.7357,164,65.2014,205,0.0,-1,0.0,-1,0.0,-1,0.0,-1,0.0,-1
2013,74,New Mexico St.,13,,0-0,0.0,103.2866,126,94.9228,59,65.1106,208,0.0,-1,0.0,-1,0.0,-1,0.0,-1,0.0,-1
2013,89,Iona,15,,0-0,0.0,112.7653,14,105.4032,263,70.6055,17,0.0,-1,0.0,-1,0.0,-1,0.0,-1,0.0,-1
2013,91,South Dakota St.,13,,0-0,0.0,111.1901,27,104.0986,242,64.1128,258,0.0,-1,0.0,-1,0.0,-1,0.0,-1,0.0,-1
2013,97,Harvard,14,,0-0,0.0,106.119,72,99.9871,147,64.3967,245,0.0,-1,0.0,-1,0.0,-1,0.0,-1,0.0,-1
2013,111,Pacific,15,,0-0,0.0,104.839,96,100.2427,154,63.2361,283,0.0,-1,0.0,-1,0.0,-1,0.0,-1,0.0,-1
2013,127,Montana,13,,0-0,0.0,103.8571,114,100.7899,166,63.8409,266,0.0,-1,0.0,-1,0.0,-1,0.0,-1,0.0,-1
2013,131,Florida Gulf Coast,15,,0-0,0.0,102.1036,145,99.4723,137,68.6871,54,0.0,-1,0.0,-1,0.0,-1,0.0,-1,0.0,-1
2013,134,Northwestern St.,14,,0-0,0.0,105.7153,78,103.1156,214,72.8967,1,0.0,-1,0.0,-1,0.0,-1,0.0,-1,0.0,-1
2013,142,Albany,15,,0-0,0.0,100.0872,185,98.3143,115,63.1262,287,0.0,-1,0.0,-1,0.0,-1,0.0,-1,0.0,-1
2013,170,Southern,16,,0-0,0.0,96.2585,253,96.8808,91,64.8866,219,0.0,-1,0.0,-1,0.0,-1,0.0,-1,0.0,-1
2013,172,LIU Brooklyn,16,,0-0,0.0,109.6115,39,110.5083,325,69.6489,29,0.0,-1,0.0,-1,0.0,-1,0.0,-1,0.0,-1
2013,184,James Madison,16,,0-0,0.0,97.4966,236,98.7705,127,64.4803,239,0.0,-1,0.0,-1,0.0,-1,0.0,-1,0.0,-1
2013,187,Western Kentucky,16,,0-0,0.0,100.4762,178,101.946,193,65.6744,182,0.0,-1,0.0,-1,0.0,-1,0.0,-1,0.0,-1
2013,219,North Carolina A&T,16,,0-0,0.0,91.1188,318,95.2278,66,66.8342,127,0.0,-1,0.0,-1,0.0,-1,0.0,-1,0.0,-1
2013,256,Liberty,16,,0-0,0.0,100.9509,167,108.9177,313,65.9121,171,0.0,-1,0.0,-1,0.0,-1,0.0,-1,0.0,-1
2014,1,Arizona,1,,0-0,0.0,113.1181,35,86.9004,1,64.3811,273,0.0,-1,0.0,-1,0.0,-1,0.0,-1,0.0,-1
2014,2,Louisville,4,,0-0,0.0,117.3621,10,90.5955,6,68.9392,58,0.0,-1,0.0,-1,0.0,-1,0.0,-1,0.0,-1
2014,3,Florida,1,,0-0,0.0,115.75299999999999,17,89.9943,5,63.1796,316,0.0,-1,0.0,-1,0.0,-1,0.0,-1,0.0,-1
2014,4,Virginia,1,,0-0,0.0,113.9682,25,89.4581,3,60.9663,345,0.0,-1,0.0,-1,0.0,-1,0.0,-1,0.0,-1
2014,5,Wichita St.,1,,0-0,0.0,117.73299999999999,8,92.69,10,65.0202,245,0.0,-1,0.0,-1,0.0,-1,0.0,-1,0.0,-1
2014,6,Villanova,2,,0-0,0.0,115.8448,16,93.7249,14,67.1484,132,0.0,-1,0.0,-1,0.0,-1,0.0,-1,0.0,-1
2014,7,Duke,3,,0-0,0.0,124.3884,2,101.4326,102,66.0161,196,0.0,-1,0.0,-1,0.0,-1,0.0,-1,0.0,-1
2014,8,Creighton,3,,0-0,0.0,125.6888,1,102.5492,126,65.1335,241,0.0,-1,0.0,-1,0.0,-1,0.0,-1,0.0,-1
2014,9,Kansas,2,,0-0,0.0,118.5993,6,96.899,45,68.21300000000001,81,0.0,-1,0.0,-1,0.0,-1,0.0,-1,0.0,-1
2014,10,Michigan St.,4,,0-0,0.0,117.2647,11,96.5119,39,65.6191,214,0.0,-1,0.0,-1,0.0,-1,0.0,-1,0.0,-1
2014,11,Wisconsin,2,,0-0,0.0,119.4575,5,98.6776,59,64.3561,275,0.0,-1,0.0,-1,0.0,-1,0.0,-1,0.0,-1
2014,12,VCU,5,,0-0,0.0,107.895,106,89.3661,2,70.6438,21,0.0,-1,0.0,-1,0.0,-1,0.0,-1,0.0,-1
2014,13,Tennessee,11,,0-0,0.0,113.5177,29,94.0612,16,63.3134,312,0.0,-1,0.0,-1,0.0,-1,0.0,-1,0.0,-1
2014,14,Michigan,2,,0-0,0.0,122.2637,3,101.6228,104,62.8211,327,0.0,-1,0.0,-1,0.0,-1,0.0,-1,0.0,-1
2014,15,Syracuse,3,,0-0,0.0,113.2241,34,94.1875,18,61.3321,343,0.0,-1,0.0,-1,0.0,-1,0.0,-1,0.0,-1
2014,16,UCLA,4,,0-0,0.0,116.7863,14,97.5046,49,70.0548,32,0.0,-1,0.0,-1,0.0,-1,0.0,-1,0.0,-1
2014,17,Kentucky,8,,0-0,0.0,114.9428,19,96.3031,35,66.0445,195,0.0,-1,0.0,-1,0.0,-1,0.0,-1,0.0,-1
2014,18,Pittsburgh,9,,0-0,0.0,115.09100000000001,18,96.4552,37,63.9695,291,0.0,-1,0.0,-1,0.0,-1,0.0,-1,0.0,-1
2014,19,Ohio St.,6,,0-0,0.0,107.1348,122,89.8846,4,65.403,224,0.0,-1,0.0,-1,0.0,-1,0.0,-1,0.0,-1
2014,20,Gonzaga,8,,0-0,0.0,111.4871,49,93.7189,13,66.1347,189,0.0,-1,0.0,-1,0.0,-1,0.0,-1,0.0,-1
2014,21,San Diego St.,4,,0-0,0.0,108.0156,103,90.9265,7,64.0577,285,0.0,-1,0.0,-1,0.0,-1,0.0,-1,0.0,-1
2014,22,Oklahoma St.,9,,0-0,0.0,113.9907,24,96.0137,29,68.4965,72,0.0,-1,0.0,-1,0.0,-1,0.0,-1,0.0,-1
2014,23,Iowa St.,3,,0-0,0.0,115.9219,15,97.8163,54,71.6611,13,0.0,-1,0.0,-1,0.0,-1,0.0,-1,0.0,-1
2014,24,Cincinnati,5,,0-0,0.0,107.8564,109,91.419,9,63.1591,317,0.0,-1,0.0,-1,0.0,-1,0.0,-1,0.0,-1
2014,25,Connecticut,7,,0-0,0.0,109.4778,80,92.8815,11,64.9789,247,0.0,-1,0.0,-1,0.0,-1,0.0,-1,0.0,-1
2014,26,North Carolina,6,,0-0,0.0,111.0116,58,94.48899999999999,22,70.9425,18,0.0,-1,0.0,-1,0.0,-1,0.0,-1,0.0,-1
2014,27,Iowa,11,,0-0,0.0,120.1418,4,102.5341,125,70.8664,19,0.0,-1,0.0,-1,0.0,-1,0.0,-1,0.0,-1
2014,28,New Mexico,7,,0-0,0.0,112.7491,38,96.4921,38,66.0964,192,0.0,-1,0.0,-1,0.0,-1,0.0,-1,0.0,-1
2014,29,Oklahoma,5,,0-0,0.0,116.8829,13,100.2536,81,71.2843,17,0.0,-1,0.0,-1,0.0,-1,0.0,-1,0.0,-1
2014,30,Oregon,7,,0-0,0.0,117.1227,12,100.5606,90,68.8245,63,0.0,-1,0.0,-1,0.0,-1,0.0,-1,0.0,-1
2014,31,Baylor,6,,0-0,0.0,118.569,7,102.0226,114,62.5716,331,0.0,-1,0.0,-1,0.0,-1,0.0,-1,0.0,-1
2014,33,Harvard,12,,0-0,0.0,111.1981,55,96.2542,33,65.095,242,0.0,-1,0.0,-1,0.0,-1,0.0,-1,0.0,-1
2014,34,Saint Louis,5,,0-0,0.0,104.6245,175,91.2243,8,67.1867,130,0.0,-1,0.0,-1,0.0,-1,0.0,-1,0.0,-1
2014,37,Stanford,10,,0-0,0.0,112.48100000000001,39,98.6936,60,66.476,167,0.0,-1,0.0,-1,0.0,-1,0.0,-1,0.0,-1
2014,39,Texas,7,,0-0,0.0,109.4989,78,96.3269,36,68.1663,83,0.0,-1,0.0,-1,0.0,-1,0.0,-1,0.0,-1
2014,40,Providence,11,,0-0,0.0,114.26700000000001,22,100.631,92,64.9211,251,0.0,-1,0.0,-1,0.0,-1,0.0,-1,0.0,-1
2014,42,Xavier,12,,0-0,0.0,112.7939,37,99.5766,69,65.8305,204,0.0,-1,0.0,-1,0.0,-1,0.0,-1,0.0,-1
2014,44,Kansas St.,9,,0-0,0.0,107.9999,104,95.5198,25,65.3541,230,0.0,-1,0.0,-1,0.0,-1,0.0,-1,0.0,-1
2014,45,Memphis,8,,0-0,0.0,110.429,66,97.7827,53,69.4037,50,0.0,-1,0.0,-1,0.0,-1,0.0,-1,0.0,-1
2014,46,George Washington,9,,0-0,0.0,109.3604,81,96.8501,44,67.3341,121,0.0,-1,0.0,-1,0.0,-1,0.0,-1,0.0,-1
2014,47,Arizona St.,10,,0-0,0.0,108.3383,97,95.9888,27,69.2718,53,0.0,-1,0.0,-1,0.0,-1,0.0,-1,0.0,-1
2014,48,Nebraska,11,,0-0,0.0,108.2001,99,96.0301,30,66.1547,188,0.0,-1,0.0,-1,0.0,-1,0.0,-1,0.0,-1
2014,49,Saint Joseph's,10,,0-0,0.0,110.323,68,98.1365,55,65.7167,209,0.0,-1,0.0,-1,0.0,-1,0.0,-1,0.0,-1
2014,50,BYU,10,,0-0,0.0,113.7187,27,101.2405,100,72.1949,8,0.0,-1,0.0,-1,0.0,-1,0.0,-1,0.0,-1
2014,52,Massachusetts,6,,0-0,0.0,108.3801,94,96.7889,43,71.6071,14,0.0,-1,0.0,-1,0.0,-1,0.0,-1,0.0,-1
2014,53,Dayton,11,,0-0,0.0,113.3938,30,101.3973,101,65.2367,236,0.0,-1,0.0,-1,0.0,-1,0.0,-1,0.0,-1
2014,55,North Dakota St.,12,,0-0,0.0,114.6785,20,103.1756,140,64.2445,278,0.0,-1,0.0,-1,0.0,-1,0.0,-1,0.0,-1
2014,59,Stephen F. Austin,12,,0-0,0.0,111.6118,47,100.7614,95,63.6072,304,0.0,-1,0.0,-1,0.0,-1,0.0,-1,0.0,-1
2014,64,Colorado,8,,0-0,0.0,105.8999,141,96.2408,32,66.4456,171,0.0,-1,0.0,-1,0.0,-1,0.0,-1,0.0,-1
2014,66,North Carolina St.,12,,0-0,0.0,113.5673,28,103.4021,144,66.0939,193,0.0,-1,0.0,-1,0.0,-1,0.0,-1,0.0,-1
2014,67,Manhattan,13,,0-0,0.0,106.0143,139,96.6537,42,69.5289,44,0.0,-1,0.0,-1,0.0,-1,0.0,-1,0.0,-1
2014,68,Tulsa,13,,0-0,0.0,105.2906,162,96.0053,28,68.4678,73,0.0,-1,0.0,-1,0.0,-1,0.0,-1,0.0,-1
2014,71,New Mexico St.,13,,0-0,0.0,112.0734,42,102.6728,129,66.4601,170,0.0,-1,0.0,-1,0.0,-1,0.0,-1,0.0,-1
2014,78,North Carolina Central,14,,0-0,0.0,107.4579,117,99.0374,63,64.2499,277,0.0,-1,0.0,-1,0.0,-1,0.0,-1,0.0,-1
2014,98,American,15,,0-0,0.0,103.1066,199,97.296,46,61.4065,342,0.0,-1,0.0,-1,0.0,-1,0.0,-1,0.0,-1
2014,99,Mercer,14,,0-0,0.0,107.5434,116,101.5988,103,65.0083,246,0.0,-1,0.0,-1,0.0,-1,0.0,-1,0.0,-1
2014,105,Delaware,13,,0-0,0.0,110.9047,60,105.6262,192,72.1442,10,0.0,-1,0.0,-1,0.0,-1,0.0,-1,0.0,-1
2014,113,Western Michigan,14,,0-0,0.0,106.6874,128,102.3065,118,66.8762,144,0.0,-1,0.0,-1,0.0,-1,0.0,-1,0.0,-1
2014,115,Louisiana Lafayette,14,,0-0,0.0,109.8713,74,105.6575,193,69.8871,36,0.0,-1,0.0,-1,0.0,-1,0.0,-1,0.0,-1
2014,129,Eastern Kentucky,15,,0-0,0.0,111.3351,53,108.3447,240,66.1213,190,0.0,-1,0.0,-1,0.0,-1,0.0,-1,0.0,-1
2014,163,Milwaukee,15,,0-0,0.0,104.5109,177,104.9094,172,67.4996,112,0.0,-1,0.0,-1,0.0,-1,0.0,-1,0.0,-1
2014,169,Weber St.,16,,0-0,0.0,105.6284,150,106.4341,207,64.3825,272,0.0,-1,0.0,-1,0.0,-1,0.0,-1,0.0,-1
2014,173,Cal Poly,16,,0-0,0.0,103.2247,197,104.3188,164,60.1565,347,0.0,-1,0.0,-1,0.0,-1,0.0,-1,0.0,-1
2014,177,Albany,16,,0-0,0.0,101.87,225,103.3696,143,63.2428,313,0.0,-1,0.0,-1,0.0,-1,0.0,-1,0.0,-1
2014,184,Wofford,15,,0-0,0.0,100.9265,238,102.7681,131,61.9795,339,0.0,-1,0.0,-1,0.0,-1,0.0,-1,0.0,-1
2014,190,Mount St. Mary's,16,,0-0,0.0,108.3479,95,110.6783,287,70.0667,31,0.0,-1,0.0,-1,0.0,-1,0.0,-1,0.0,-1
2014,232,Coastal Carolina,16,,0-0,0.0,97.3108,298,102.4904,124,67.183,131,0.0,-1,0.0,-1,0.0,-1,0.0,-1,0.0,-1
2014,237,Texas Southern,16,,0-0,0.0,106.1519,135,112.1348,316,67.3752,116,0.0,-1,0.0,-1,0.0,-1,0.0,-1,0.0,-1
2015,1,Kentucky,1,,0-0,0.0,119.725,5,85.8155,2,63.4428,251,0.0,-1,0.0,-1,0.0,-1,0.0,-1,0.0,-1
2015,2,Arizona,2,,0-0,0.0,116.0039,11,86.3831,3,66.7277,78,0.0,-1,0.0,-1,0.0,-1,0.0,-1,0.0,-1
2015,3,Wisconsin,1,,0-0,0.0,124.695,1,94.2605,30,58.7433,347,0.0,-1,0.0,-1,0.0,-1,0.0,-1,0.0,-1
2015,4,Virginia,2,,0-0,0.0,112.225,27,85.3714,1,58.158,349,0.0,-1,0.0,-1,0.0,-1,0.0,-1,0.0,-1
2015,5,Villanova,1,,0-0,0.0,120.8395,4,92.24600000000001,13,64.4797,181,0.0,-1,0.0,-1,0.0,-1,0.0,-1,0.0,-1
2015,6,Gonzaga,2,,0-0,0.0,119.4414,6,93.4313,20,65.0605,153,0.0,-1,0.0,-1,0.0,-1,0.0,-1,0.0,-1
2015,7,Duke,1,,0-0,0.0,122.0286,3,96.1313,57,66.2365,103,0.0,-1,0.0,-1,0.0,-1,0.0,-1,0.0,-1
2015,8,Utah,5,,0-0,0.0,113.0478,18,90.5691,8,61.1685,322,0.0,-1,0.0,-1,0.0,-1,0.0,-1,0.0,-1
2015,9,Oklahoma,3,,0-0,0.0,109.3152,50,88.9078,5,67.6449,44,0.0,-1,0.0,-1,0.0,-1,0.0,-1,0.0,-1
2015,10,Notre Dame,3,,0-0,0.0,122.2296,2,99.6649,112,64.1283,204,0.0,-1,0.0,-1,0.0,-1,0.0,-1,0.0,-1
2015,11,Kansas,2,,0-0,0.0,110.7779,37,90.4796,7,67.4382,55,0.0,-1,0.0,-1,0.0,-1,0.0,-1,0.0,-1
2015,12,Northern Iowa,5,,0-0,0.0,113.7866,15,93.2423,16,58.5006,348,0.0,-1,0.0,-1,0.0,-1,0.0,-1,0.0,-1
2015,13,Iowa St.,3,,0-0,0.0,118.8607,7,97.735,82,69.5579,15,0.0,-1,0.0,-1,0.0,-1,0.0,-1,0.0,-1
2015,14,Wichita St.,7,,0-0,0.0,112.9808,20,92.9254,15,62.1472,298,0.0,-1,0.0,-1,0.0,-1,0.0,-1,0.0,-1
2015,15,Baylor,3,,0-0,0.0,114.8484,13,94.51899999999999,33,62.1773,296,0.0,-1,0.0,-1,0.0,-1,0.0,-1,0.0,-1
2015,16,North Carolina,4,,0-0,0.0,115.2564,12,95.0366,45,69.9581,10,0.0,-1,0.0,-1,0.0,-1,0.0,-1,0.0,-1
2015,17,Michigan St.,7,,0-0,0.0,114.1116,14,96.0718,53,63.7005,235,0.0,-1,0.0,-1,0.0,-1,0.0,-1,0.0,-1
2015,18,Louisville,4,,0-0,0.0,105.8796,95,89.3578,6,65.4983,136,0.0,-1,0.0,-1,0.0,-1,0.0,-1,0.0,-1
2015,19,SMU,6,,0-0,0.0,112.3093,24,94.9444,43,63.7996,226,0.0,-1,0.0,-1,0.0,-1,0.0,-1,0.0,-1
2015,20,Texas,11,,0-0,0.0,110.2882,42,93.3071,19,62.2793,294,0.0,-1,0.0,-1,0.0,-1,0.0,-1,0.0,-1
2015,21,Ohio St.,10,,0-0,0.0,111.6073,29,94.7455,40,66.3534,96,0.0,-1,0.0,-1,0.0,-1,0.0,-1,0.0,-1
2015,22,Georgetown,4,,0-0,0.0,110.296,41,93.705,25,64.439,187,0.0,-1,0.0,-1,0.0,-1,0.0,-1,0.0,-1
2015,23,Butler,6,,0-0,0.0,107.5199,67,91.6592,10,63.7505,231,0.0,-1,0.0,-1,0.0,-1,0.0,-1,0.0,-1
2015,24,Iowa,7,,0-0,0.0,111.1324,35,94.9425,42,64.2612,198,0.0,-1,0.0,-1,0.0,-1,0.0,-1,0.0,-1
2015,25,West Virginia,5,,0-0,0.0,111.2441,33,95.4145,47,68.6913,26,0.0,-1,0.0,-1,0.0,-1,0.0,-1,0.0,-1
2015,26,Xavier,6,,0-0,0.0,111.8864,28,96.1029,55,65.6722,128,0.0,-1,0.0,-1,0.0,-1,0.0,-1,0.0,-1
2015,27,San Diego St.,8,,0-0,0.0,102.4036,161,88.2545,4,60.6724,334,0.0,-1,0.0,-1,0.0,-1,0.0,-1,0.0,-1
2015,28,Providence,6,,0-0,0.0,110.7193,38,95.4852,48,65.7403,125,0.0,-1,0.0,-1,0.0,-1,0.0,-1,0.0,-1
2015,29,Arkansas,5,,0-0,0.0,112.9615,21,97.6918,81,69.9796,9,0.0,-1,0.0,-1,0.0,-1,0.0,-1,0.0,-1
2015,30,VCU,7,,0-0,0.0,108.1184,61,93.6004,23,67.0883,64,0.0,-1,0.0,-1,0.0,-1,0.0,-1,0.0,-1
2015,31,BYU,11,,0-0,0.0,116.7226,9,101.0786,139,70.3762,6,0.0,-1,0.0,-1,0.0,-1,0.0,-1,0.0,-1
2015,32,Davidson,10,,0-0,0.0,118.4924,8,103.10700000000001,181,67.0048,68,0.0,-1,0.0,-1,0.0,-1,0.0,-1,0.0,-1
2015,33,Maryland,4,,0-0,0.0,108.5398,56,94.6229,36,64.4472,184,0.0,-1,0.0,-1,0.0,-1,0.0,-1,0.0,-1
2015,34,Cincinnati,8,,0-0,0.0,106.6968,76,93.2851,18,59.9908,341,0.0,-1,0.0,-1,0.0,-1,0.0,-1,0.0,-1
2015,35,Stephen F. Austin,12,,0-0,0.0,112.9876,19,99.1309,103,66.7666,75,0.0,-1,0.0,-1,0.0,-1,0.0,-1,0.0,-1
2015,36,Georgia,10,,0-0,0.0,107.0152,74,93.9191,28,64.1785,201,0.0,-1,0.0,-1,0.0,-1,0.0,-1,0.0,-1
2015,37,Oklahoma St.,9,,0-0,0.0,109.4165,49,96.2306,58,63.2804,259,0.0,-1,0.0,-1,0.0,-1,0.0,-1,0.0,-1
2015,38,North Carolina St.,8,,0-0,0.0,111.4712,30,98.20299999999999,89,64.4344,189,0.0,-1,0.0,-1,0.0,-1,0.0,-1,0.0,-1
2015,39,Boise St.,11,,0-0,0.0,109.4215,48,96.5067,64,63.7369,232,0.0,-1,0.0,-1,0.0,-1,0.0,-1,0.0,-1
2015,40,Dayton,11,,0-0,0.0,107.1481,73,94.6812,38,63.9795,214,0.0,-1,0.0,-1,0.0,-1,0.0,-1,0.0,-1
2015,41,UCLA,11,,0-0,0.0,110.1957,45,97.3824,76,66.0408,111,0.0,-1,0.0,-1,0.0,-1,0.0,-1,0.0,-1
2015,42,St. John's,9,,0-0,0.0,108.0677,62,95.6945,51,67.1036,61,0.0,-1,0.0,-1,0.0,-1,0.0,-1,0.0,-1
2015,43,LSU,9,,0-0,0.0,106.8287,75,94.6659,37,69.7748,13,0.0,-1,0.0,-1,0.0,-1,0.0,-1,0.0,-1
2015,44,Mississippi,11,,0-0,0.0,112.9358,22,100.1346,125,66.4054,94,0.0,-1,0.0,-1,0.0,-1,0.0,-1,0.0,-1
2015,46,Oregon,8,,0-0,0.0,113.3464,16,100.6238,134,66.544,87,0.0,-1,0.0,-1,0.0,-1,0.0,-1,0.0,-1
2015,49,Purdue,9,,0-0,0.0,108.4853,57,97.0564,69,64.5405,180,0.0,-1,0.0,-1,0.0,-1,0.0,-1,0.0,-1
2015,53,Indiana,10,,0-0,0.0,116.6055,10,104.6528,216,66.5749,84,0.0,-1,0.0,-1,0.0,-1,0.0,-1,0.0,-1
2015,54,Buffalo,12,,0-0,0.0,109.7511,47,98.515,94,69.2589,20,0.0,-1,0.0,-1,0.0,-1,0.0,-1,0.0,-1
2015,63,Valparaiso,13,,0-0,0.0,103.7859,129,94.3339,31,62.7558,275,0.0,-1,0.0,-1,0.0,-1,0.0,-1,0.0,-1
2015,71,Georgia St.,14,,0-0,0.0,108.4051,58,99.228,106,63.2972,258,0.0,-1,0.0,-1,0.0,-1,0.0,-1,0.0,-1
2015,78,Harvard,13,,0-0,0.0,102.0221,170,94.5446,34,61.4937,317,0.0,-1,0.0,-1,0.0,-1,0.0,-1,0.0,-1
2015,88,New Mexico St.,15,,0-0,0.0,104.0618,120,97.947,87,63.7282,233,0.0,-1,0.0,-1,0.0,-1,0.0,-1,0.0,-1
2015,90,Wofford,12,,0-0,0.0,103.3306,143,97.4738,78,61.5109,316,0.0,-1,0.0,-1,0.0,-1,0.0,-1,0.0,-1
2015,94,UC Irvine,13,,0-0,0.0,103.9436,123,98.2722,92,63.7259,234,0.0,-1,0.0,-1,0.0,-1,0.0,-1,0.0,-1
2015,102,Wyoming,12,,0-0,0.0,101.8455,175,96.9748,67,59.2371,344,0.0,-1,0.0,-1,0.0,-1,0.0,-1,0.0,-1
2015,120,Northeastern,14,,0-0,0.0,105.9911,90,102.3937,171,63.667,239,0.0,-1,0.0,-1,0.0,-1,0.0,-1,0.0,-1
2015,121,UAB,14,,0-0,0.0,103.7809,130,100.2601,130,64.9503,159,0.0,-1,0.0,-1,0.0,-1,0.0,-1,0.0,-1
2015,127,North Florida,16,,0-0,0.0,105.69,98,102.8375,178,67.1154,60,0.0,-1,0.0,-1,0.0,-1,0.0,-1,0.0,-1
2015,131,Albany,14,,0-0,0.0,104.2175,117,101.7462,155,61.3297,320,0.0,-1,0.0,-1,0.0,-1,0.0,-1,0.0,-1
2015,136,Eastern Washington,13,,0-0,0.0,110.0324,46,107.68,279,68.7795,24,0.0,-1,0.0,-1,0.0,-1,0.0,-1,0.0,-1
2015,145,Manhattan,16,,0-0,0.0,100.90700000000001,196,99.4718,109,68.2231,30,0.0,-1,0.0,-1,0.0,-1,0.0,-1,0.0,-1
2015,148,Coastal Carolina,16,,0-0,0.0,103.5363,136,102.2055,164,64.417,190,0.0,-1,0.0,-1,0.0,-1,0.0,-1,0.0,-1
2015,149,Belmont,15,,0-0,0.0,107.8516,64,106.4962,259,67.0924,63,0.0,-1,0.0,-1,0.0,-1,0.0,-1,0.0,-1
2015,151,North Dakota St.,15,,0-0,0.0,100.9777,194,100.0747,124,61.1763,321,0.0,-1,0.0,-1,0.0,-1,0.0,-1,0.0,-1
2015,173,Robert Morris,16,,0-0,0.0,101.0371,191,102.3443,169,65.6082,131,0.0,-1,0.0,-1,0.0,-1,0.0,-1,0.0,-1
2015,195,Lafayette,16,,0-0,0.0,110.3525,40,113.1509,338,64.9659,158,0.0,-1,0.0,-1,0.0,-1,0.0,-1,0.0,-1
2015,207,Texas Southern,15,,0-0,0.0,101.6732,177,104.902,220,63.9287,221,0.0,-1,0.0,-1,0.0,-1,0.0,-1,0.0,-1
2015,250,Hampton,16,,0-0,0.0,95.5716,302,102.3457,170,69.543,16,0.0,-1,0.0,-1,0.0,-1,0.0,-1,0.0,-1
2016,1,Kansas,1,B12,30-4,0.9503,118.9,8,92,5,69.7,127,0.062,39,0.763,2,109.6,6,99,4,0.5782,93
2016,2,Virginia,1,ACC,26-7,0.9482,118.3,9,91.9,4,61.4,351,-0.043,281,0.7548,4,109.8,4,99.5,9,0.6087,55
2016,3,Michigan St.,2,B10,29-5,0.945,121.3,2,94.8,19,67.4,253,-0.004,184,0.65,60,105.8,79,100.3,20,0.4771,208
2016,4,North Carolina,1,ACC,28-6,0.9407,119.5,4,94,16,72,48,-0.043,283,0.721,16,109.3,9,100.6,32,0.5742,99
2016,5,Villanova,2,BE,29-5,0.9352,117.2,11,93,7,67.4,249,0.012,143,0.6873,32,107.7,40,100.5,29,0.59,76
2016,6,West Virginia,3,B12,26-8,0.9236,114.8,23,92.4,6,70.5,93,0.008,157,0.7499,5,109.4,8,99.5,8,0.5318,145
2016,7,Oklahoma,2,B12,25-7,0.9199,115.4,20,93.3,11,70.8,83,0.008,159,0.7589,3,109.7,5,99.3,6,0.5397,138
2016,8,Kentucky,4,SEC,26-8,0.9198,122.3,1,98.9,70,67.6,241,-0.035,269,0.6892,31,106.9,54,99.8,11,0.5991,67
2016,9,Oregon,1,P12,28-6,0.9123,119.4,5,97.4,50,68.7,184,0.035,92,0.7022,24,107,52,99.3,7,0.5152,169
2016,10,Purdue,5,B10,26-8,0.9078,115.3,21,94.5,18,68.3,208,-0.031,253,0.6563,56,107.5,44,101.6,77,0.4265,266
2016,12,Wichita St.,11,MVC,24-8,0.9005,108.9,81,89.9,1,67,267,-0.08,333,0.5367,122,102.1,261,100.8,39,0.6524,26
2016,13,Miami FL,3,ACC,25-7,0.8971,117.2,12,97.1,44,66.8,281,0.054,53,0.7335,11,109.5,7,100.3,23,0.5401,136
2016,14,Indiana,5,B10,25-7,0.8959,119,7,98.7,66,68.8,179,-0.003,183,0.6137,73,106.5,64,102.3,102,0.4152,278
2016,15,Xavier,2,BE,27-5,0.8946,115.8,18,96.2,36,72.9,29,0.067,36,0.6729,45,106.5,63,100,15,0.5336,142
2016,16,Arizona,6,P12,25-8,0.8927,116.1,17,96.5,40,69.2,151,-0.033,262,0.6304,70,106.1,69,101.3,63,0.3871,304
2016,17,Texas A&M,3,SEC,26-8,0.8923,112.6,36,93.7,12,67.5,247,0.002,176,0.6742,43,107.7,38,101.1,55,0.5547,115
2016,18,Iowa St.,4,B12,21-11,0.8919,120.5,3,100.3,101,71.8,54,-0.07,326,0.7452,6,108,31,98.4,1,0.5192,161
2016,20,Iowa,7,B10,21-10,0.8832,114.4,25,95.9,31,69.9,116,-0.099,342,0.687,33,108.3,24,101.2,56,0.5254,152
2016,21,California,4,P12,23-10,0.8767,111.3,47,93.8,15,68.8,181,-0.051,297,0.6769,40,108.2,27,101.4,70,0.4593,230
2016,22,Duke,4,ACC,23-10,0.8752,119.3,6,100.7,110,68.5,196,-0.039,272,0.7256,13,109.8,3,100.9,46,0.5752,98
2016,23,Maryland,5,B10,25-8,0.8725,113.8,26,96.3,37,68,221,0.006,165,0.6789,39,107.3,49,100.5,27,0.4759,211
2016,24,Baylor,5,B12,22-11,0.8705,116.9,13,99,72,67.3,255,0.002,174,0.7438,7,108.2,25,98.6,2,0.459,231
2016,25,Connecticut,9,Amer,24-10,0.8677,110.4,62,93.7,13,66.3,298,-0.04,276,0.6068,77,105.5,86,101.6,76,0.4586,232
2016,26,Seton Hall,6,BE,25-8,0.8674,110.7,55,94,17,70.3,104,0.008,158,0.6673,49,106.1,68,99.9,14,0.4372,255
2016,27,Vanderbilt,11,SEC,19-13,0.8641,112.9,32,96.1,34,68.6,192,-0.11,346,0.6947,27,107.9,35,100.4,26,0.6234,45
2016,28,Gonzaga,11,WCC,26-7,0.8609,114.6,24,97.8,55,68,223,-0.025,243,0.5502,110,105.5,85,103.7,153,0.6297,40
2016,29,Utah,3,P12,26-8,0.8547,113.7,27,97.5,51,66.5,294,0.11,13,0.7038,23,107.9,34,100.1,16,0.519,162
2016,30,Texas,6,B12,20-12,0.8487,111.5,44,96,32,66.3,301,0.037,86,0.7732,1,110,2,98.8,3,0.6083,56
2016,31,Cincinnati,9,Amer,22-10,0.8414,107.7,97,93.1,8,65.8,320,-0.053,303,0.607,76,105.6,84,101.7,78,0.4685,220
2016,32,Wisconsin,7,B10,20-12,0.839,110,67,95.3,24,64.3,341,-0.031,255,0.7006,25,108,33,100.3,22,0.5441,131
2016,33,Stephen F. Austin,14,Slnd,27-5,0.8378,110.4,61,95.7,27,68.3,207,0.025,108,0.3538,311,101.9,272,107.3,335,0.636,38
2016,35,VCU,10,A10,24-10,0.8259,108.8,82,95,22,69.9,118,-0.065,321,0.5566,105,105.5,87,103.4,142,0.4981,183
2016,37,Saint Joseph's,8,A10,27-7,0.8159,112.9,31,99.2,74,71.3,66,0.034,94,0.5749,97,104.9,103,102.2,101,0.5231,155
2016,38,Yale,12,Ivy,22-6,0.8132,108,92,95,21,66.7,284,0.031,101,0.4691,189,104.1,149,105.2,223,0.5131,172
2016,39,Notre Dame,6,ACC,21-11,0.8131,117.8,10,103.7,172,65.8,316,0.033,95,0.6962,26,108.7,20,101.1,51,0.472,216
2016,40,Butler,9,BE,21-10,0.8129,115.6,19,101.8,131,68.9,166,-0.004,185,0.637,63,105.9,74,100.9,45,0.415,279
2016,41,Syracuse,10,ACC,19-13,0.8111,109.4,75,96.4,38,65.7,321,-0.047,290,0.6935,29,108.7,18,101.3,60,0.4948,189
2016,42,Texas Tech,8,B12,19-12,0.8096,113.5,28,100.1,93,66.7,286,0.036,90,0.7389,8,108.6,21,99.2,5,0.4967,185
2016,45,Pittsburgh,10,ACC,21-11,0.8024,112.7,33,99.8,86,66.3,299,0.003,172,0.6734,44,108.7,19,102,95,0.3298,332
2016,46,Providence,9,BE,23-10,0.7991,107.9,93,95.7,28,69.4,143,0.044,76,0.6563,55,106.8,57,101,48,0.4353,256
2016,47,Arkansas Little Rock,12,SB,29-4,0.7978,108.3,85,96.1,35,64,345,0.032,98,0.4581,199,102.6,237,104.2,171,0.495,188
2016,49,USC,8,P12,21-12,0.7946,112.4,37,99.9,90,72,49,-0.012,206,0.6691,47,107.2,50,100.8,44,0.4609,226
2016,54,Dayton,7,A10,25-7,0.7806,104.7,160,93.8,14,68.8,175,0.077,32,0.5793,92,105.9,77,102.9,120,0.5596,110
2016,55,Colorado,8,P12,22-11,0.7788,106.6,115,95.5,26,69.8,124,0.026,106,0.6654,50,108,30,101.8,81,0.4454,247
2016,56,Michigan,11,B10,22-12,0.7778,112.7,35,101,116,66.7,287,0.016,130,0.6715,46,107.7,39,101.2,59,0.4551,235
2016,58,Tulsa,11,Amer,20-11,0.7702,110.8,53,99.7,84,69.4,145,0.009,155,0.6212,72,105.2,100,100.7,36,0.5197,160
2016,60,Oregon St.,7,P12,19-12,0.7691,109.3,76,98.4,62,68.2,210,0.052,56,0.7249,15,108.5,23,99.7,10,0.5415,134
2016,61,Hawaii,13,BW,27-5,0.7635,107,105,96.6,41,71.2,67,0.009,152,0.4064,256,100.8,313,104.2,172,0.2975,342
2016,73,Iona,13,MAAC,22-10,0.731,110.4,60,101.2,120,72.2,44,-0.002,180,0.4792,178,103.1,207,103.8,155,0.6384,36
2016,74,UNC Wilmington,13,CAA,25-7,0.729,109.4,74,100.4,105,70.7,87,0.041,80,0.5202,135,104.4,135,103.6,149,0.4179,275
2016,76,Northern Iowa,11,MVC,22-12,0.724,105.7,135,97.2,45,62.9,346,0.017,127,0.5813,90,104,153,101.1,50,0.664,21
2016,80,South Dakota St.,12,Sum,26-7,0.7209,109.1,79,100.5,108,68.9,164,0.015,132,0.4942,159,103.4,182,103.6,148,0.5618,106
2016,86,Temple,10,Amer,21-11,0.703,105.1,150,97.5,52,66.9,275,0.113,10,0.632,66,106,71,101.1,54,0.5694,103
2016,91,Stony Brook,13,AE,26-6,0.6979,105.8,131,98.4,61,67.4,252,0.032,99,0.3755,290,102.8,226,107.4,337,0.6381,37
2016,95,Cal St. Bakersfield,15,WAC,24-8,0.6902,102.3,196,95.4,25,68.6,191,-0.001,177,0.3306,329,99.7,332,106,273,0.448,244
2016,105,Fresno St.,14,MWC,25-9,0.6595,106.2,124,100.3,100,69.7,129,0.088,23,0.5158,141,103.6,176,103,126,0.4583,233
2016,107,Chattanooga,12,SC,29-5,0.6557,105.1,149,99.4,77,67,265,0.119,7,0.4389,219,104,154,106.2,283,0.5308,148
2016,116,UNC Asheville,15,BSth,22-11,0.6194,102.5,190,98.2,60,71.1,74,-0.045,286,0.406,257,102.9,216,106.4,295,0.5918,74
2016,117,Green Bay,14,Horz,23-12,0.619,107.7,96,103.2,168,76.6,6,0.046,69,0.4962,155,103.3,188,103.4,140,0.5569,114
2016,124,Middle Tennessee,15,CUSA,24-9,0.5926,102.2,198,99,71,68.3,204,0.058,44,0.4443,215,103.8,168,105.8,261,0.549,122
2016,131,Buffalo,14,MAC,20-14,0.5727,105.1,148,102.5,148,73,25,0.055,49,0.5318,126,105.7,82,104.5,190,0.5618,105
2016,132,Weber St.,15,BSky,26-8,0.5717,102.6,184,100,92,67.9,227,-0.003,182,0.3514,315,102.3,252,107.9,347,0.5312,147
2016,174,Florida Gulf Coast,16,ASun,20-13,0.4686,102.7,182,103.8,173,67.2,259,-0.034,265,0.3653,301,103.2,197,108.3,350,0.4824,199
2016,212,Austin Peay,16,OVC,18-17,0.3819,104.4,166,108.9,274,70.4,98,0.058,45,0.4289,230,104.2,146,106.8,320,0.5427,133
2016,222,Hampton,16,MEAC,21-10,0.3639,99.9,245,104.8,191,72.2,43,0.147,2,0.3018,342,99.1,340,106.6,309,0.5837,86
2016,226,Southern,16,SWAC,22-12,0.3528,100,244,105.4,206,69.9,115,0.054,52,0.316,336,98.9,343,105.8,258,0.5949,70
2016,263,Fairleigh Dickinson,16,NEC,18-14,0.2904,105.5,141,114.1,333,72,47,0.092,20,0.3147,337,98.9,344,105.8,260,0.5596,109
2016,268,Holy Cross,16,Pat,14-19,0.2702,97,297,105.8,217,64.4,338,0.048,65,0.3718,295,101.5,287,106.3,286,0.4098,287
2017,1,Gonzaga,1,WCC,32-1,33.05,120.7,10,87.6,2,69.8,71,0.016,151,0.61,128,104.9,138,104.2,129,0.72,138
2017,2,Villanova,1,BE,31-3,30.78,122.7,2,92,12,63.8,323,0.026,114,9.98,27,110.1,27,100.1,32,4.24,52
2017,3,North Carolina,1,ACC,27-7,28.01,122.1,4,94.1,25,70.4,53,0.006,176,12.14,10,111.6,5,99.5,17,4.11,57
2017,4,Kentucky,2,SEC,29-5,27.27,119.2,14,91.9,9,72.5,16,0.008,171,9.79,28,109.4,38,99.6,23,3.93,58
2017,5,West Virginia,4,B12,26-8,26.8,116.5,28,89.7,5,69.6,79,-0.043,290,9.77,29,109.3,39,99.5,18,-7.91,342
2017,6,Louisville,2,ACC,24-8,26.72,117.1,23,90.4,6,67.7,180,-0.011,216,12.2,8,111.9,4,99.7,26,4.62,49
2017,7,Virginia,5,ACC,22-10,26.67,113.7,38,87,1,58.6,351,-0.051,298,12.15,9,111.4,8,99.2,14,2.75,77
2017,8,Wichita St.,10,MVC,30-4,26.41,119.6,12,93.2,19,68.4,133,-0.014,227,0.65,127,104.3,162,103.6,113,-0.03,162
2017,9,Florida,4,SEC,24-8,26.39,115.9,31,89.5,4,68.6,119,-0.046,292,11.61,13,110.1,28,98.5,5,8.86,11
2017,10,Kansas,1,B12,28-4,25.98,120.8,9,94.9,30,70,67,0.074,25,12.26,7,111.1,15,98.8,10,2.75,76
2017,11,SMU,6,Amer,30-4,25.27,120.1,11,94.8,29,63.3,330,0.02,136,3.15,87,104.9,134,101.8,71,-1.15,200
2017,12,Duke,2,ACC,27-8,25.09,121,6,95.9,39,67.7,183,0.027,109,12.39,6,111.5,7,99.1,13,0.06,159
2017,13,Baylor,3,B12,25-7,25.01,117.3,22,92.3,14,62.8,337,0.002,181,12.77,5,111.3,10,98.5,6,1.64,116
2017,14,Saint Mary's,7,WCC,28-4,24.64,119,15,94.3,26,59.1,350,0.034,87,-0.28,147,104,178,104.3,130,-4.27,287
2017,15,Purdue,4,B10,25-7,24.22,116.9,24,92.7,16,68.7,116,-0.023,244,8.06,50,108.8,50,100.7,46,-1.94,217
2017,16,Oregon,3,P12,29-5,23.83,117.7,19,93.9,22,66.5,238,0.036,84,6.41,67,107.8,66,101.4,66,0.69,140
2017,17,Iowa St.,5,B12,23-10,23.11,119.6,13,96.4,43,67.9,170,-0.01,213,13.66,4,112.1,3,98.4,4,-0.28,169
2017,18,UCLA,3,P12,29-4,22.95,122.7,3,99.8,78,72.9,13,0.024,121,4.05,78,107.3,74,103.2,105,-4.4,290
2017,19,Florida St.,3,ACC,25-8,22.74,116.7,25,94,24,70.5,52,0.023,126,9.69,31,110.9,18,101.2,56,-3.61,268
2017,20,Arizona,2,P12,30-4,22.74,117.6,20,94.8,28,65.5,277,0.064,37,6.6,65,108.1,59,101.5,69,1.53,119
2017,21,Michigan,7,B10,24-11,22.62,121.6,5,99,69,62.6,339,-0.031,255,9.68,32,109.2,41,99.5,19,-0.27,168
2017,22,Cincinnati,6,Amer,29-5,22.32,114.2,35,91.9,11,63.5,327,0.029,102,3.56,84,106.5,80,103,99,-0.22,167
2017,23,Wisconsin,8,B10,25-9,22.29,113.6,40,91.3,8,63.1,333,0,185,9.09,39,109.9,34,100.8,49,-0.96,187
2017,24,Oklahoma St.,10,B12,20-12,22.1,124.8,1,102.7,133,70,64,-0.056,309,13.97,1,111.6,6,97.6,1,2.99,72
2017,25,Notre Dame,5,ACC,25-9,21.09,118.9,16,97.8,58,66.9,220,0.021,133,10.64,24,110.2,23,99.6,21,-3.97,277
2017,26,Butler,4,BE,23-8,20.91,118,17,97.1,49,65.1,295,-0.001,186,10.72,22,110.6,22,99.8,28,5.3,41
2017,27,Creighton,6,BE,25-9,19.59,115.6,32,96,40,70.6,49,0.009,170,8.98,40,110.2,25,101.2,57,-1.3,205
2017,28,Marquette,10,BE,19-12,17.57,121,7,103.4,154,69.7,77,-0.062,313,8.94,42,109.1,45,100.1,33,-1.84,214
2017,29,Kansas St.,11,B12,20-13,17.55,112,50,94.5,27,65.9,269,-0.04,282,10.97,20,109.9,31,99,11,-4.88,300
2017,30,Wake Forest,11,ACC,19-13,17.28,120.9,8,103.6,160,70.2,58,-0.035,265,11.2,16,111.3,9,100.1,30,4.72,47
2017,31,South Carolina,7,SEC,22-10,17.03,105.5,149,88.5,3,67.9,169,-0.004,194,8.49,47,108.7,52,100.2,35,2.4,92
2017,32,Miami FL,8,ACC,21-11,16.96,110.4,68,93.4,20,62.8,338,0.03,97,10.12,26,111,16,100.9,54,-4.07,282
2017,33,Minnesota,5,B10,24-9,16.59,109.5,81,93,18,69.1,97,0.028,107,8.15,49,108.8,51,100.6,43,-1.38,208
2017,34,Vanderbilt,9,SEC,19-15,16.24,112.3,48,96.1,41,65.3,284,-0.035,268,11.16,17,109.9,33,98.7,9,6.58,33
2017,36,Dayton,7,A10,24-7,15.67,112.3,49,96.6,45,68.3,137,-0.011,217,3.38,86,105.6,100,102.2,77,2.9,73
2017,37,Rhode Island,11,A10,24-9,15.62,110.7,64,95,32,65.9,266,-0.024,248,3.67,82,106.3,82,102.6,90,1.99,105
2017,38,Arkansas,8,SEC,25-9,15.6,116.6,26,101,96,69.1,95,0.093,7,7.54,56,107.9,64,100.4,39,-1.19,203
2017,39,Northwestern,8,B10,23-11,15.51,111.2,58,95.7,35,64.9,300,0.021,134,7.76,53,108.6,55,100.8,50,-2.83,241
2017,40,Xavier,11,BE,21-13,15.32,114.8,33,99.5,74,66.9,219,0.03,98,11.06,19,110.8,19,99.7,24,5.78,38
2017,43,Michigan St.,9,B10,19-14,14.98,110.6,66,95.6,34,66.5,242,-0.012,219,10.67,23,110.2,24,99.5,20,4.19,54
2017,44,Virginia Tech,9,ACC,22-10,14.94,117.4,21,102.5,125,68.1,157,0.061,40,8.78,44,110.2,26,101.4,64,-7.66,340
2017,45,Maryland,6,B10,24-8,14.83,113.6,39,98.8,64,66.8,222,0.064,36,7.66,54,107.9,63,100.3,37,-0.94,186
2017,48,Middle Tennessee,12,CUSA,30-4,14.65,111.6,55,97,47,64,314,0.012,161,-1.72,183,103.9,184,105.6,187,4.12,56
2017,52,VCU,10,A10,26-8,14.31,110,72,95.7,36,67.9,167,0.036,82,3.6,83,105.5,101,101.9,73,1.12,129
2017,53,Seton Hall,9,BE,21-11,13.95,109.8,76,95.9,38,67,214,0.071,28,9.7,30,109.9,32,100.2,36,-2.12,220
2017,55,Nevada,12,MWC,28-6,13.34,114.5,34,101.2,101,69.4,87,0.059,44,0.82,125,104,176,103.2,104,-0.96,188
2017,56,Providence,11,BE,20-12,12.9,108.1,108,95.2,33,66.1,259,0.027,108,8.2,48,109.1,43,100.9,55,-4.06,280
2017,59,Princeton,12,Ivy,23-6,12.5,109.4,83,96.9,46,62.9,336,0.025,117,-1.46,175,103.4,214,104.8,145,2.5,87
2017,60,UNC Wilmington,12,CAA,29-5,12.39,117.8,18,105.4,189,69.9,69,0.051,60,0.15,137,105,128,104.9,148,2.46,90
2017,61,USC,11,P12,24-9,12.34,112.5,46,100.2,86,68.6,117,0.078,20,4.18,77,108,62,103.8,117,-3.09,251
2017,63,Vermont,13,AE,29-5,11.88,110.8,61,98.9,66,64.1,313,0.06,41,-4.74,270,102.7,251,107.4,292,1.85,111
2017,64,East Tennessee St.,13,SC,27-7,11.49,108,109,96.5,44,69.8,70,0.002,182,-1.39,174,105.3,109,106.7,260,0.54,147
2017,80,Bucknell,13,Pat,26-8,8.72,109.1,87,100.3,88,69.4,86,0.018,143,-4.37,264,100.9,311,105.2,163,1.09,130
2017,88,New Mexico St.,14,WAC,28-5,7.32,110,71,102.7,134,67.3,205,0.057,48,-5.78,299,100.1,324,105.9,203,-4.5,294
2017,108,Florida Gulf Coast,14,ASun,26-7,5.01,109.5,82,104.5,172,64.9,299,0.051,63,-4.99,277,103.6,202,108.6,330,2.69,81
2017,112,Winthrop,13,BSth,26-6,4.63,106.5,137,101.8,110,70.7,45,0.029,100,-7.6,326,100.3,323,107.9,312,2.58,84
2017,118,Iona,14,MAAC,22-12,4,110.2,69,106.2,202,70.3,57,0.011,164,-2.57,207,103.3,216,105.9,206,0.26,157
2017,130,Troy,15,SB,22-14,2.67,109.9,74,107.3,225,67.8,178,-0.037,277,-2.86,214,102.2,264,105.1,157,-6.67,335
2017,141,Kent St.,14,MAC,22-13,1.73,104.4,169,102.7,131,68,160,0.022,129,-2.28,200,103.9,183,106.2,230,-5.54,316
2017,147,Northern Kentucky,15,Horz,24-10,1.34,106.6,133,105.3,187,67.6,191,0.082,13,-3.89,248,102.5,258,106.4,245,-2.27,227
2017,152,North Carolina Central,16,MEAC,25-8,1.03,102.9,201,101.9,112,66.1,256,-0.042,286,-12.28,350,97.8,348,110,349,-0.33,172
2017,158,Jacksonville St.,15,OVC,20-14,0.58,105.4,153,104.8,177,63.3,329,0.029,104,-2.1,193,104,179,106.1,222,1.06,131
2017,173,North Dakota,15,BSky,22-9,-0.32,102.9,200,103.2,149,71,34,0.047,69,-6.52,314,102.3,261,108.9,338,3.07,70
2017,178,New Orleans,16,Slnd,20-11,-0.52,100.8,241,101.3,102,65.9,263,0.065,34,-5.24,287,102.4,259,107.6,301,8.41,17
2017,187,South Dakota St.,16,Sum,18-16,-1.33,110.8,62,112.1,307,66.8,221,0.029,103,-1.09,168,104.6,153,105.6,188,1.6,117
2017,207,Texas Southern,16,SWAC,23-11,-3.66,103.6,187,107.3,227,68.2,146,0.12,2,-9.01,337,99.7,331,108.7,333,12.91,3
2017,213,Mount St. Mary's,16,NEC,19-15,-4.23,98.9,271,103.2,143,66.6,234,0.06,42,-5.29,290,101.5,290,106.8,264,11.69,7
2017,218,UC Davis,16,BW,22-12,-4.76,97.9,292,102.6,128,68.3,141,0.109,4,-6.2,308,100.1,325,106.3,237,-1.19,202
2018,1,Virginia,1,ACC,31-2,32.15,116.5,21,84.4,1,59.2,351,0.032,98,9.99,25,110.9,29,100.9,26,0.22,160
2018,2,Villanova,1,BE,30-4,31.41,127.4,1,96,22,68.3,168,-0.018,222,10.23,20,111.3,19,101.1,30,4.11,64
2018,3,Duke,2,ACC,26-7,29.13,122.6,3,93.5,7,70,78,-0.029,260,10.9,13,111,26,100.1,10,4.61,51
2018,4,Cincinnati,2,Amer,30-4,27,113.2,54,86.2,2,64.7,322,-0.004,183,3.18,89,107,97,103.8,91,-4.14,295
2018,5,Purdue,2,B10,28-6,26.67,123.2,2,96.6,28,67.2,219,0.003,167,8.55,44,109.3,54,100.8,22,0.91,145
2018,6,Michigan St.,3,B10,29-4,26.35,120,9,93.6,9,67.1,222,0.048,64,6.5,64,109,62,102.5,67,-4.7,303
2018,7,North Carolina,2,ACC,25-10,25.03,122,4,96.9,34,71,50,-0.019,227,14.05,1,112.5,1,98.4,1,7.99,15
2018,8,Gonzaga,4,WCC,30-4,24.74,119.8,12,95.1,17,69,125,-0.006,191,0.95,127,106.6,107,105.6,154,3.24,82
2018,9,Kansas,1,B12,27-7,23.24,120.9,6,97.7,46,68.4,161,0.06,50,11.49,6,111.7,12,100.2,11,3.71,76
2018,10,Michigan,3,B10,28-7,23.19,115.9,29,92.7,5,64.4,333,0.037,90,8.78,41,111.1,22,102.3,63,-4.6,300
2018,11,Tennessee,3,SEC,25-8,22.15,114.8,40,92.7,4,66.2,271,0.04,81,11.62,4,112.2,2,100.5,15,7.56,18
2018,12,Texas Tech,3,B12,24-9,21.94,114,46,92.1,3,66.6,248,-0.021,236,9.26,37,110.4,38,101.1,34,-5.12,312
2018,13,West Virginia,5,B12,24-10,21.77,119.2,14,97.4,39,69,117,-0.009,197,10.48,18,109.9,43,99.5,2,-4.24,297
2018,14,Xavier,1,BE,28-5,21.69,120.7,7,99,59,70.4,61,0.109,9,9.62,31,110.3,39,100.7,18,2.09,107
2018,15,Ohio St.,5,B10,24-8,21.11,116.2,27,95,16,66.4,260,0.027,107,8.16,51,109.8,47,101.6,48,0.41,153
2018,16,Auburn,4,SEC,25-7,20.63,118.2,16,97.6,44,72.3,21,-0.012,204,7.53,56,109.1,61,101.5,46,-1.75,215
2018,17,Houston,6,Amer,26-7,20.54,115.8,31,95.2,18,68.2,174,-0.009,200,3.39,86,106.7,103,103.3,80,-2.71,251
2018,18,Kentucky,5,SEC,24-10,20.41,116.4,25,96,23,68.6,154,-0.001,177,11.17,9,111.1,21,99.9,4,5.05,43
2018,19,Clemson,5,ACC,23-9,20.27,113.8,48,93.5,8,65.6,297,0.004,163,9.76,30,110.9,28,101.1,36,-1.85,217
2018,20,Wichita St.,4,Amer,25-7,20.07,121.9,5,101.9,107,68.6,149,-0.015,215,5.55,74,107.9,78,102.3,64,2.05,108
2018,21,Arizona,4,P12,27-7,19.37,119,15,99.6,70,67.3,215,0.025,116,6.33,66,108.9,65,102.6,69,2.82,86
2018,22,TCU,6,B12,21-11,18.92,120.6,8,101.7,104,68.7,142,-0.058,311,9.82,27,111.5,15,101.6,50,-0.43,178
2018,23,Florida,6,SEC,20-12,18.71,115.1,37,96.4,25,66.8,239,-0.049,294,10.74,14,110.7,32,100,7,4.49,54
2018,24,Nevada,7,MWC,27-7,18.18,119.9,10,101.7,105,69.5,99,-0.028,259,4.45,79,107.3,90,102.9,72,4.2,61
2018,25,Butler,10,BE,20-13,17.87,115.8,32,97.9,48,67.8,189,-0.037,271,10.58,17,111.9,7,101.3,42,0.27,157
2018,26,Seton Hall,8,BE,21-11,17.34,116.3,26,99,58,69.3,104,-0.02,234,9.58,34,110.4,36,100.9,24,0.42,152
2018,27,Creighton,8,BE,21-11,17.28,116.5,22,99.2,61,70.8,53,-0.018,226,9.23,38,111.1,20,101.9,55,-3.82,291
2018,30,Texas A&M,7,SEC,20-12,16.91,111.2,71,94.3,12,69,120,-0.007,194,11.34,7,112.1,3,100.8,21,5.29,38
2018,32,Virginia Tech,8,ACC,21-11,16.64,115,39,98.4,54,68.7,144,-0.003,180,8.18,49,109.9,44,101.7,52,-9.57,344
2018,35,Florida St.,9,ACC,20-11,15.82,115.8,30,100,76,71.6,31,-0.032,265,7.99,54,109.2,59,101.2,38,-6.72,331
2018,36,Miami FL,6,ACC,22-9,15.71,113.3,52,97.6,45,67.1,225,0.034,95,8.17,50,109.6,50,101.4,44,-3.58,283
2018,37,Arkansas,7,SEC,23-11,15.63,117.3,19,101.7,103,69.7,90,0.062,41,10.15,22,111,25,100.9,25,1.3,135
2018,38,Missouri,8,SEC,20-12,15.47,113.3,53,97.8,47,65.6,298,-0.021,237,9.6,32,110.1,42,100.5,13,1.3,136
2018,39,Texas,10,B12,19-14,15.46,109.4,94,93.9,10,65.2,315,-0.018,223,11.77,3,111.7,11,99.9,5,2.19,105
2018,41,Loyola Chicago,11,MVC,28-5,15.14,111.3,68,96.2,24,65.3,312,0.058,53,0.07,140,103.8,224,103.7,89,-5.63,316
2018,42,North Carolina St.,9,ACC,21-11,15.13,116.4,24,101.3,99,71.4,40,0.007,156,7.64,55,108.9,63,101.3,41,-9.44,343
2018,43,Davidson,12,A10,21-11,14.91,117.4,18,102.5,115,64.2,335,-0.051,297,1.88,107,105.9,130,104,96,1.71,118
2018,44,Kansas St.,9,B12,22-11,14.75,112.2,60,97.4,41,65.5,302,0.056,56,9.2,39,111.4,17,102.2,60,-6.03,321
2018,45,Arizona St.,11,P12,20-11,14.71,117.7,17,102.9,124,71.6,36,-0.072,332,5.8,72,108.1,75,102.3,62,1.53,125
2018,47,Oklahoma,10,B12,18-13,14.42,115.1,38,100.7,83,75.8,4,0.005,160,11.96,2,111.9,8,99.9,3,2.24,103
2018,48,UCLA,11,P12,21-11,14.38,116.4,23,102.1,110,70.5,57,-0.019,228,6.91,60,108.7,66,101.8,54,3.56,79
2018,49,Rhode Island,7,A10,25-7,14.38,111.7,66,97.3,38,68.7,146,0.037,87,2.69,96,107.4,86,104.7,119,4.06,67
2018,50,San Diego St.,11,MWC,22-10,14.15,111.3,69,97.1,36,68.7,147,-0.015,217,3.37,87,107.5,85,104.2,101,-0.17,170
2018,51,Alabama,9,SEC,19-15,13.83,108.5,115,94.6,13,68.8,137,0,173,11.03,10,111,24,100,8,3.02,85
2018,54,Syracuse,11,ACC,20-13,13.59,107.7,128,94.1,11,63.4,342,0.007,157,8.72,43,111,27,102.2,61,-0.23,172
2018,55,New Mexico St.,12,WAC,28-5,13.56,108.5,116,94.9,14,68.2,173,0.032,97,-1.51,176,104.2,199,105.8,162,4.19,62
2018,59,Murray St.,12,OVC,26-5,12.7,113.1,56,100.4,82,67.3,216,-0.013,208,-4.19,261,102.8,275,107,237,-0.76,183
2018,63,Providence,10,BE,21-13,11.92,108.9,104,97,35,67.1,223,0.088,20,10.42,19,112,5,101.6,49,-1.02,187
2018,69,St. Bonaventure,11,A10,25-7,11.2,112.3,59,101.1,94,69.2,109,0.077,25,2.2,101,107,98,104.8,121,1.43,128
2018,71,Montana,14,BSky,26-7,10.83,110.1,82,99.3,65,68,183,-0.005,185,-2.18,204,104.3,196,106.5,206,2.52,91
2018,75,South Dakota St.,12,Sum,28-6,10.59,114.6,41,104,148,70.3,71,0.111,7,-0.1,141,106.1,118,106.2,189,3.91,72
2018,77,Buffalo,13,MAC,26-8,10.49,114.3,42,103.8,138,72.8,15,-0.005,188,-1.02,165,104.8,174,105.8,167,4.08,66
2018,82,UNC Greensboro,13,SC,27-7,9.06,105.7,164,96.6,30,65,318,-0.011,203,-4.99,282,103.6,231,108.6,319,-3.23,273
2018,96,Georgia St.,15,SB,24-10,7.21,109,101,101.8,106,66.9,236,-0.022,238,-2.79,227,103.7,226,106.5,211,-2.88,259
2018,100,Bucknell,14,Pat,25-9,6.81,109.2,99,102.4,112,71.4,37,0.02,125,-4.85,279,102.9,271,107.7,272,6.15,29
2018,111,Stephen F. Austin,14,Slnd,28-6,5.56,105,177,99.4,67,71.1,48,0.037,85,-7.58,330,100.8,330,108.4,312,-2.05,225
2018,114,Marshall,13,CUSA,24-10,5.38,109.3,96,103.9,144,74.8,6,0.04,80,-1.67,184,104.8,175,106.4,204,-6.83,334
2018,120,College of Charleston,13,CAA,26-7,4.73,109.9,87,105.2,167,64.6,324,0.049,63,-4.61,270,104.9,170,109.5,339,-7.46,337
2018,127,Penn,16,Ivy,24-8,3.7,103.6,205,99.9,73,68.9,131,0.078,23,-4.63,271,103.7,228,108.3,309,-2.77,253
2018,134,Iona,15,MAAC,20-13,2.87,110.3,80,107.4,212,70.7,56,-0.022,239,-2.39,211,103.3,254,105.7,156,2.26,102
2018,135,Wright St.,14,Horz,25-9,2.82,101.1,248,98.3,53,68.2,175,0.056,57,-4.78,274,102.6,281,107.4,257,2.3,100
2018,153,Cal St. Fullerton,15,BW,20-11,1.32,105,176,103.7,134,69.5,97,0.089,19,-1.28,171,103.9,218,105.1,138,3.47,80
2018,165,Lipscomb,15,ASun,23-9,0.36,103.8,197,103.4,131,74.9,5,0.114,6,-4.94,280,103.2,259,108.1,294,6.07,30
2018,170,Radford,16,BSth,22-12,-0.05,103.6,203,103.6,133,62.7,346,0.044,69,-4.43,268,102.7,278,107.1,244,4.01,69
2018,184,UMBC,16,AE,24-10,-1.91,103.4,208,105.3,170,68.2,177,0.145,1,-5.63,296,102.5,286,108.2,296,-3.4,278
2018,249,Texas Southern,16,SWAC,15-19,-7.66,105.3,173,112.9,315,71.6,35,-0.009,199,-6.74,315,101,329,107.7,273,17.47,1
2018,251,LIU Brooklyn,16,NEC,18-16,-7.8,103.3,211,111.1,294,71.4,39,0.015,136,-8.39,335,100.7,335,109,330,-5.78,317
2018,309,North Carolina Central,16,MEAC,19-15,-12.74,98.2,301,110.9,288,64.9,320,0.017,128,-12.75,350,98.7,349,111.4,351,-1.58,206
2019,1,Virginia,1,ACC,29-3,35.66,123.6,2,87.9,5,59.3,353,0.024,119,10.51,29,108.4,48,97.9,19,-2.82,248
2019,2,Gonzaga,1,WCC,30-3,32.79,125.1,1,92.3,16,69.8,70,0.008,160,3.38,83,106.2,76,102.8,102,1.98,109
2019,3,Duke,1,ACC,29-5,31.99,120.1,6,88.1,6,72.2,18,0.018,137,13.25,7,110.4,4,97.2,11,5.48,38
2019,4,Michigan St.,2,B10,28-6,31.36,121.7,4,90.4,8,67.4,182,-0.007,198,13.57,3,110.2,7,96.7,2,3.15,90
2019,5,Michigan,2,B10,28-6,29.44,115.5,18,86.1,2,64.4,320,-0.014,227,11.65,17,109.3,29,97.6,16,-4.94,305
2019,6,North Carolina,1,ACC,27-6,29.17,119.9,7,90.7,10,74.3,5,0.024,117,13.68,2,110.8,2,97.1,8,5.77,33
2019,7,Kentucky,2,SEC,27-6,27.41,118.2,13,90.8,12,65.8,265,0.037,89,11.02,22,110,11,99,37,2.26,102
2019,8,Tennessee,2,SEC,29-5,26.98,122.5,3,95.5,34,67.7,155,0.038,87,10.58,27,109,32,98.5,23,1.36,124
2019,9,Texas Tech,3,B12,26-6,26.75,112.7,36,85.9,1,66.5,226,0.004,175,8.31,53,107.8,58,99.5,45,-5.02,307
2019,10,Purdue,3,B10,23-9,26.05,121.1,5,95,32,65.6,276,-0.012,220,13.04,8,109.7,19,96.7,3,4.33,58
2019,11,Virginia Tech,4,ACC,24-8,24.47,118.4,11,94,25,63.3,337,0.002,181,8.61,50,108.1,51,99.5,44,-6.04,326
2019,12,Wisconsin,5,B10,23-10,23.68,110.8,52,87.1,3,63.6,332,-0.026,247,13.57,4,110.3,6,96.8,5,3.56,82
2019,13,Auburn,5,SEC,26-9,23.33,119.6,8,96.2,45,67.5,166,0.003,180,10.89,25,109.6,21,98.7,30,2.81,96
2019,14,Florida St.,4,ACC,27-7,22.56,113,31,90.4,9,68.3,135,0.045,75,10.71,26,109.5,23,98.8,32,1.1,133
2019,15,Houston,3,Amer,31-3,22.42,114.1,24,91.7,13,66.1,247,0.057,50,3.15,88,104.8,124,101.6,66,-3.81,276
2019,16,Iowa St.,6,B12,23-11,21.85,119,9,97.1,59,67.6,161,-0.051,295,10.36,31,108.8,38,98.5,22,-1.45,210
2019,17,Louisville,7,ACC,20-13,20.97,113.4,29,92.4,17,67.1,194,-0.054,301,13,10,110.6,3,97.6,15,6.05,28
2019,18,LSU,3,SEC,26-6,20.97,118.5,10,97.5,62,69.9,66,0.035,93,9.49,40,108.6,41,99.1,38,3.09,93
2019,19,Wofford,7,SC,29-4,20.71,118.4,12,97.6,63,65.6,275,0.06,43,1.36,112,105.4,96,104,155,8.4,7
2019,20,Kansas,4,B12,25-9,20.71,112.7,34,92,15,69.9,64,0.088,15,13.89,1,111.4,1,97.5,13,10.99,3
2019,21,Mississippi St.,5,SEC,23-10,20.68,117.4,14,96.7,51,67.4,178,-0.027,248,10.46,30,110,12,99.6,46,2.49,99
2019,22,Buffalo,6,MAC,31-3,20.34,114.9,19,94.6,29,73.8,9,0.041,77,2.8,93,105.2,112,102.4,91,1.58,117
2019,23,Kansas St.,4,B12,25-8,20.22,108,102,87.7,4,63,342,0.061,42,10.05,33,109,33,99,35,-0.5,183
2019,24,Maryland,6,B10,22-10,19.98,113.8,27,93.8,22,65.6,274,0.001,182,11.08,21,109.5,24,98.4,21,-4.62,298
2019,25,Nevada,7,MWC,29-4,18.92,114,26,95.1,33,69.2,88,0.039,85,1.38,111,105.2,108,103.8,139,1.99,108
2019,26,Villanova,6,BE,25-9,18.77,117,16,98.2,73,63.6,333,0.017,139,8.22,54,108.4,49,100.2,58,3.63,79
2019,27,Marquette,5,BE,24-9,18.42,114.2,23,95.7,35,68.6,116,0.007,164,7.65,58,107.5,59,99.9,52,0.79,145
2019,28,Florida,10,SEC,19-15,18.32,110.2,60,91.9,14,62.7,346,-0.072,326,11.64,18,110.4,5,98.7,31,5.39,40
2019,31,Saint Mary's,11,WCC,22-11,17.71,114.6,21,96.9,55,62.6,347,-0.033,262,3.63,77,106.4,74,102.7,98,-0.39,180
2019,32,Cincinnati,7,Amer,28-6,17.05,111.6,46,94.5,28,63.2,338,0.06,44,4.2,73,106.3,75,102.1,85,-2.63,243
2019,34,Utah St.,8,MWC,28-6,16.62,113,32,96.3,47,67.8,151,0.007,162,0.01,145,104.3,146,104.3,170,1.14,132
2019,35,Syracuse,8,ACC,20-13,16.3,110.2,61,93.9,24,66.1,251,0.005,169,10.06,32,108.5,44,98.5,24,0.49,153
2019,36,Iowa,10,B10,22-11,15.96,117.2,15,101.2,115,69.4,82,0.057,51,10.57,28,108.4,46,97.8,18,-6.6,332
2019,37,VCU,8,A10,25-7,15.69,104.3,172,88.6,7,68.2,136,0.004,174,1.15,117,105,115,103.8,142,3.5,85
2019,38,Oklahoma,9,B12,19-13,15.53,109.4,73,93.9,23,68.7,112,0.031,101,12.63,12,109.7,20,97,7,7.84,11
2019,41,Baylor,9,B12,19-13,15.29,113.5,28,98.2,75,65.3,291,-0.032,260,9.18,43,107.9,57,98.7,28,-4.2,289
2019,43,Oregon,12,P12,23-12,15.15,107.7,108,92.5,18,64.1,328,-0.039,272,4.1,74,106.9,65,102.8,101,0.26,160
2019,44,Mississippi,8,SEC,20-12,15.08,112.8,33,97.7,65,68.3,129,-0.018,232,8.69,48,108.8,37,100.1,57,-0.78,187
2019,45,Ohio St.,11,B10,19-14,15.08,109.3,75,94.2,27,65.7,272,0.005,168,11.63,19,110.1,9,98.5,26,-2.69,245
2019,46,UCF,9,Amer,23-8,14.58,110.3,58,95.7,36,64.8,313,0.029,104,3.61,78,105.2,109,101.6,65,-3.42,267
2019,47,Minnesota,10,B10,21-13,14.46,110.7,54,96.2,44,67.5,176,0.082,24,12.07,16,109.8,17,97.7,17,-2.79,247
2019,49,New Mexico St.,12,WAC,30-4,13.59,112.6,37,99,83,65.6,278,0.061,40,-3.52,239,102.4,238,105.9,222,-2.94,254
2019,51,Washington,9,P12,26-8,13.37,107,119,93.6,20,65.9,263,0.078,27,4.94,67,106.7,69,101.8,72,3.11,91
2019,52,Murray St.,12,OVC,27-4,13.33,112,41,98.7,81,69,98,0.033,97,-4.77,273,102.1,256,106.9,269,-1.01,197
2019,54,Belmont,11,OVC,26-5,13.07,114.8,20,101.8,127,71.1,31,0.041,78,-3.23,230,102.7,227,105.9,221,3.44,87
2019,55,Seton Hall,10,BE,20-13,12.91,109.3,74,96.4,49,68.9,102,0.022,126,9.42,41,109.3,28,99.9,53,4.43,57
2019,61,Arizona St.,11,P12,22-10,11.21,109.8,68,98.6,79,70.5,46,0.046,72,4.81,68,106.6,71,101.8,70,1.8,113
2019,63,Liberty,12,ASun,28-6,10.82,110.6,56,99.7,96,61.8,349,0.006,167,-4.61,268,101.3,283,105.9,223,-2.83,249
2019,75,UC Irvine,13,BW,30-5,9.46,106.6,125,97.1,58,65.1,296,0.097,10,-3.94,250,102.2,245,106.2,232,1.82,112
2019,76,Temple,11,Amer,23-9,9.39,108.9,86,99.5,90,68.8,109,0.065,36,3.81,75,105.6,88,101.8,73,-0.63,184
2019,78,St. John's,11,BE,21-12,8.75,109.7,69,100.9,111,70.5,48,0.071,30,5.92,62,107,64,101.1,60,-6.09,327
2019,79,Northeastern,13,CAA,23-10,8.75,111.5,48,102.7,145,66,252,0.023,121,-0.8,163,106,80,106.8,263,6.95,21
2019,80,Vermont,13,AE,27-6,8.72,107.9,103,99.2,84,65.3,285,0.056,54,-6.01,289,100.2,317,106.2,234,3.52,84
2019,82,Yale,14,Ivy,22-7,8.59,111.7,44,103.1,149,70.7,44,0.057,48,-1.52,186,102.3,243,103.8,140,-1.89,226
2019,100,Northern Kentucky,14,Horz,26-8,6.56,109.2,77,102.7,144,67.9,145,-0.008,203,-4.29,255,103,214,107.2,291,-2.61,242
2019,104,Saint Louis,13,A10,23-12,6.27,102.6,205,96.3,46,66.1,250,0.045,74,0.36,133,103.9,166,103.6,127,-1.05,199
2019,111,Georgia St.,14,SB,24-9,5.6,107.9,107,102.3,137,69.9,67,0.126,3,0.94,122,104.8,122,103.9,146,4.05,64
2019,112,Old Dominion,14,CUSA,26-8,5.58,101.9,216,96.4,48,64.3,325,0.055,59,-2.37,210,101.9,270,104.2,169,-5.71,323
2019,129,Colgate,15,Pat,24-10,4.29,110,63,105.8,202,66.3,236,0.021,129,-4.21,254,101.8,273,106,224,1.2,130
2019,137,Montana,15,BSky,26-8,3.55,107.4,115,103.8,161,66.5,225,0.057,49,-6.59,299,102,265,108.6,342,4.46,56
2019,145,Abilene Christian,15,Slnd,27-6,2.09,103.6,186,101.5,119,66,254,0.087,17,-9.04,343,99.6,327,108.6,343,-4.51,295
2019,165,Bradley,15,MVC,20-14,-0.36,100.9,246,101.2,117,65.1,299,0.04,80,-2.12,205,102.1,259,104.2,164,-3.81,275
2019,167,Gardner Webb,16,BSth,23-11,-0.74,107.5,111,108.2,253,67.1,196,0.07,31,-4.53,265,102.3,242,106.9,268,-3.63,272
2019,197,Iona,16,MAAC,17-15,-3.08,106.5,132,109.6,275,70.5,45,-0.025,245,-6.63,300,100,322,106.6,251,0.92,137
2019,199,North Dakota St.,16,Sum,18-15,-3.2,106.6,127,109.8,278,64.8,312,0.052,63,-3.07,225,104.5,135,107.6,312,3.73,77
2019,208,Fairleigh Dickinson,16,NEC,20-13,-4.25,106.2,137,110.4,295,66.8,214,0.01,153,-8.75,340,98.7,340,107.4,299,-1.51,212
2019,209,Prairie View A&M,16,SWAC,22-12,-4.31,101.5,226,105.8,205,71,34,0.074,29,-8.25,338,98.1,345,106.3,240,6.54,26
2019,303,North Carolina Central,16,MEAC,18-15,-11.89,96.6,301,108.5,256,65.2,292,0.004,170,-12.17,352,96.4,353,108.6,341,1.47,122
